sentence,difficulty,text_id,sentence_length,sentence_tokens,total_tokens_per_call,difficulty_reviewed,readability,difficulty_label,prediction_gpt-4.5-preview
"Es steht an gefährlichen Kreuzungen oder Einmündungen, an denen leicht Unfälle passieren können.",3,638,13,,,B2,49.82,B2,B1
"1988 entstand in den USA die „International Dark Sky Association“ (IDA), eine Vereinigung von Astronomen, die aktiv über „Lichtverschmutzung“ aufklärt und gegen sie kämpft.",4,283,24,43.0,150.0,C1,38.66,C1,B2
"Die Denkweise, Häuser als Maschinen, in denen Menschen leben, zu verstehen, wie es einmal ein Architekt des 20. Jahrhunderts ausgedrückt hat, hat fatale Auswirkungen.",5,unknown,24,,,C2,67.76,C2,C1
"Architekten können heute keine Bauwerke mehr schaffen wie das Bremer Rathaus, das über Jahrhunderte hinweg ein Symbol der Bürgerschaft war und ist.",5,unknown,22,,,C2,57.61,C2,C1
60 Prozent verwenden das Taschengeld auch für Zeitschriften oder Comics.,2,654,10,,,B1,86.71,B1,B1
Eine Jury wählte dann 15. 000 Gewinner aus – alle genau 18 Jahre alt und EU-Bürger.,2,466,16,24.0,129.0,B1,89.24,B1,B1
Aber die Frauen besannen sich auf das Erbe der beiden Käsepioniere.,4,486,11,17.0,123.0,C1,68.77,C1,B2
… schlüpft … PATRIK RIKLIN: … schlüpft eigentlich in dieses Kunstwerk hinein.,1,450,12,25.0,130.0,A2,87.72,A2,B1
"Nach zwei Jahren Hauptschule wechselte er auf ein Gymnasium, machte mit Bestnoten sein Abitur, studierte Mathematik und Philosophie und promovierte in Linguistik.",4,302,22,35.0,147.0,C1,57.61,C1,B2
Es gibt keine langen Transportwege mit entsprechendem Qualitätsverlust.,4,319,8,12.0,121.0,C1,63.36,C1,B2
"“

„Ich glaube, ich komme nicht mit.",0,531,7,,,A1,116.15,A1,A2
Beliebt sind im Sommer auch Kite - und Wind surfen .,1,461,11,13.0,118.0,A2,87.72,A2,B1
Zum Jubiläum hat die chinesische Regierung der Stadt eine große Marx-Statue geschenkt.,3,454,12,20.0,128.0,B2,67.76,B2,B2
"Das heißt noch lange nicht, dass die Menschen, die bislang das selber gemacht haben, dann keine Arbeit mehr haben.",3,318,19,23.0,128.0,B2,86.03,B2,B2
"Das Bachelor-Studium beinhaltet ein Praktikum mit einem Arbeitsumfang von 10 Leistungspunkten, wenn das fakultätsintern angebotene fachbezogene Schlüsselqualifikationsmodul „Praktikum“ gewählt wird.",5,unknown,20,,,C2,0.42,C2,C1
"Johannes Disch, dass sie meist an ihre körperlichen und geistigen Grenzen gehen.",3,317,12,18.0,126.0,B2,76.22,B2,B2
Wir suchen für diverse neu zu besetzende Positionen zum nächstmöglichen Zeitpunkt (zum Teil befristet) Referatsleiter/Referatsleiterinnen und Referenten/Referentinnen.,5,unknown,17,,,C2,-21.93,C2,C1
Hier ist das Meer wild ; nirgendwo sonst an deutschen Küsten krachen die Wellen mit solcher Wucht auf Land.,4,482,19,26.0,130.0,C1,78.59,C1,B2
"Es wurde befördert – das ist auch ein interessanter Gedanke, der heute nicht mehr so die große Rolle spielt – unter dem Gesichtspunkt Praktikabilität und Hygiene in der Küche.",4,447,29,39.0,150.0,C1,60.99,C1,C1
"Als die Entwickler einen passenden Namen für diese Technologie suchten, erinnerten sie sich an den dänischen König Blauzahn.",3,583,18,,,B2,70.13,B2,B2
"Aber was ist mit dem Reiseführer, der uns stets hilfreich auf Reisen in fremde Städte und Länder begleitet?",4,313,18,24.0,138.0,C1,78.59,C1,B2
Auffallend ist in Deutschland der Unterschied zwischen Stadt und Land: Auf dem Land leben deutlich mehr 20- bis 25-Jährige bei den Eltern als in den Städten.,3,613,26,,,B2,70.47,B2,B2
100 Gramm enthalten nur 20 Kilokalorien.,0,637,6,,,A1,56.93,A1,A2
"Könnte man nicht ein Gebäude konzipieren, das z. B. Sauerstoff herstellt, die Luft reinigt, Kohlenstoff speichert, Wasser reinigt und speichert, Lebewesen vielfach Heimat bietet, ausschließlich Solarenergie nutzt, sich selbst vervielfältigt und die dabei entstandenen hochwertigen Substanzen wieder in Kreisläufe zurückbringt, die Farben mit den Jahreszeiten wechselt?",5,unknown,46,,,C2,48.13,C2,C1
Das Fußballspiel beginnt auch um 15 Uhr.,0,526,7,,,A1,81.29,A1,A1
Und Julia backt den besten Schokokuchen der Welt.,1,536,8,,,A2,105.66,A2,B1
Das Umweltbewusstsein kommt erst weit hinten auf Platz 24. Auch diese Berliner Agentur ist auf strategische Markenkommunikation spezialisiert .,3,443,19,27.0,140.0,B2,53.88,B2,B2
"Die Idee war: Wie kann man ein Konzept, das natürlich Kunst ist, ins Leben rufen und [wie können] die Spieler, die Player , also die Menschen, die um dieses Kunstwerk leben, Teil davon werden?",4,450,34,45.0,150.0,C1,63.36,C1,B2
"Wir begleiten sie, müssen aber auf Abstand bleiben.",2,480,8,10.0,116.0,B1,80.28,B1,B1
"Französische Wissenschaftler haben sieben Sprachen miteinander verglichen: Chinesisch (Mandarin), Deutsch, Englisch, Französisch, Italienisch, Japanisch und Spanisch.",3,682,16,,,B2,46.78,B2,B1
Simon ist neu hier und lernt noch.,0,529,7,,,A1,89.75,A1,A2
Und blau ist letztens meine Lieblingsfarbe.,1,485,6,9.0,116.0,A2,90.77,A2,A2
"‘ Aber wenn Sie ‘ne geile Küche haben: ‚Boah, das ist ja toll.",1,315,13,19.0,124.0,A2,110.06,A2,B1
"Jetzt ist das Rätsel gelöst: Ein Jogger hat einen 85-jährigen Herrn gesehen, wie er einen Sack in die Donau geworfen hatte.",4,723,21,,,C1,67.08,C1,B2
Das ist ein Meer in Norddeutschland.,0,481,6,,,A1,90.77,A1,A1
"Sie kommen aber nicht am Samstag um drei Uhr morgens an, sondern am Freitagvormittag um 11:00 Uhr.",2,709,17,,,B1,71.14,B1,A2
"So weiß die Kamera, wie sie den QR-Code lesen muss.",2,603,10,,,B1,95.17,B1,B1
Einige Kaffeekonzerne haben dazu Schulungsprogramme aufgelegt.,3,291,6,16.0,121.0,B2,56.93,B2,B2
"Kopfrechnen und Kopfschmerzen vertragen sich nicht, sagt sie.",3,465,8,16.0,123.0,B2,71.82,B2,B2
"Jede Woche gehen dort drei neue Rezepte online, bei denen nicht nur Kuchenfans Lust zum Backen bekommen.",2,459,17,23.0,128.0,B1,79.6,B1,B2
"D-Cycloserin bin- det an Glutamatrezeptoren im Gehirn und fördert die Vernetzung von Synapsen, wie Hirnschnitte in Tierexperimenten zeigten.",5,unknown,18,,,C2,44.75,C2,C1
"Professor Hans Künschner von der Technischen Hochschule vor Ort konstatierte bedauernd, dass zwar Prototypen entstanden seien, die sich dennoch bewährt hätten, es aber an weiterführender Entwicklung mangele.",5,unknown,27,,,C2,35.61,C2,C1
"Aber sonst jeden Morgen, ich rieche es gar nicht.",1,322,9,12.0,118.0,A2,87.72,A2,B1
"Doch wenn es ein Thema gibt, das alle Syrer in Deutschland eint, dann sind es Ärger und Ängste durch die nervenaufreibenden Briefkästen.",5,unknown,22,,,C2,66.07,C2,C1
Kommerzielle Angebote für ihr Konzept – sogar einen Millionendeal – haben die Künstler abgelehnt.,4,450,14,21.0,130.0,C1,59.3,C1,B2
Er praktizierte – so Bach – eine Pädagogik durch Sport ganz nach dem Motto „In einem gesunden Körper wohnt ein gesunder Geist“.,5,unknown,22,,,C2,68.1,C2,C1
"müssen Sie ‘ne Software haben, wo automatisch dann hier das Produkt im Internet angezeigt wird .",2,449,16,20.0,124.0,B1,64.71,B1,B1
"Wenn man den Barcode fotografiert, was passiert dann, Herr Hutter?",2,449,10,15.0,121.0,B1,86.71,B1,B1
Sein Freund Felix sagt oft: „Emil ist super.,0,475,8,,,A1,80.28,A1,A1
"Soziale Hemmungen fallen, ihre Laune ist euphorisch, Sexualität wird hemmungslos aus- gelebt.",5,unknown,12,,,C2,42.38,C2,C1
Im Zug sitzen nur drei Personen.,0,524,6,,,A1,73.85,A1,A1
Dann geht sie zu ihrem Hotel.,0,541,6,,,A1,99.23,A1,A1
"Ihr Ziel ist es, Jugendliche für das Theater zu begeistern und ihnen auch ein bisschen Lebenshilfe zu geben – so wie bei der folgenden Probe des Klassikers „Der Geizige“ des französischen Dramatikers Molière: „Ach, was für ein Durcheinander.",3,310,38,57.0,172.0,B2,50.84,B2,B2
"Drei Tage lang dreht sich in Bad Nauheim alles um den King of Rock ’n’ Roll: mit Autos, Mode, Musik und Tanz aus den 50er-Jahren.",3,469,25,38.0,142.0,B2,88.4,B2,B2
Bei gefragten Berufen gelingt nach der Erziehungspause der Wiedereinstieg besser.,4,445,10,20.0,125.0,C1,86.71,C1,B2
Sie sitzen im Bahnhof auf einer Bank und warten auf ihn.,1,492,11,,,A2,94.15,A2,A2
"Alles, was man braucht, ist in der Nähe.",1,533,8,,,A2,114.12,A2,A2
Und 2050 werden voraussichtlich zwei Drittel der Menschheit in großen Städten leben.,3,675,12,,,B2,76.22,B2,B1
Auch der Bambus ist eine Grassorte.,0,712,6,,,A1,90.77,A1,B1
Ganz saubere Trennung .,0,468,4,6.0,112.0,A1,93.81,A1,B1
"Lobt man also eine Serie wegen ihres Realismus, so sollte man nicht vergessen, dass die gefühlte Übereinstimmung zwischen Erzählung und Wirklichkeit ihrerseits eine Vorgeschichte hat: Die echten Gangster und Polizisten, die sich in der fiktiven Welt einer Serie wie The Wire wiedererkennen, tun das auch deshalb, weil sie sich im echten Leben genau solche ""Räuber und Gendarm""-Shows anschauen.",5,unknown,58,,,C2,21.07,C2,C1
Sie sind schon zu weit weg.,1,502,6,,,A2,116.15,A2,A2
/ Da hatte ich ’ne Karambolage .,1,294,7,11.0,114.0,A2,66.4,A2,B2
"„Wir haben auch noch ein Single-Café“, sagt der Mann.",1,488,9,,,A2,96.18,A2,A2
"“ Und eine Künstlergruppe hat schon Ideen, wie man die Verkehrsinseln noch kreativer gestalten kann.",3,745,15,,,B2,74.19,B2,B1
"Schon nach zwei Minuten Fahrt wurde der Elefant jedoch unruhig, zerdrückte die Wand und fiel 12 Meter tief in den Fluss!",3,632,21,,,B2,75.54,B2,B2
"Sie können sie bekritzeln, verbrennen, essen – alles ist erlaubt.",2,608,10,,,B1,62.34,B1,B1
Die kriegst’ nur ’m Berg oben.,1,306,6,11.0,114.0,A2,116.15,A2,B1
"Einige Köche servierten deshalb jedes Essen mit Senf, auch wenn die Gäste nicht direkt danach fragten.",4,672,16,,,C1,89.08,C1,B1
"Ich hatte schon zwei Auszubildende, die einfach von 200, 300 km weg herkamen, um diesen Ausbildungsberuf zu lernen und sind dafür dann auch umgezogen.",3,309,24,37.0,147.0,B2,64.04,B2,B2
"Ja, das ist einfach schön, so im Dreivierteltakt und das passt zu uns und ja.",1,477,15,22.0,126.0,A2,98.55,A2,B1
"Woran liegt es, dass wir immer älter werden?",2,671,8,,,B1,80.28,B1,B1
Und auf dem Wohnzimmerboden stand ein ganz normaler Tintenstrahldrucker mit ganz gewöhnlichem Papier.,2,649,13,,,B1,41.36,B1,B1
Also nimmt sie ihr Handy und wählt die Nummer 110. Nach 15 Minuten steht ein Polizeiauto vor der Tür.,2,506,19,,,B1,95.67,B1,A2
Die Dekorationstrends für Weihnachten 2018 sind bunt und sie glitzern: Vor allem Weihnachtsdeko zum Thema Rock’n’Roll und Essen liegen im Trend.,2,481,21,35.0,144.0,B1,50.16,B1,B1
Der Bus hält an der Haltestelle „Marktplatz“.,0,514,7,,,A1,81.29,A1,A2
Einmal während der Hauptsaison musste er an einem Tag 3. 500 Ansichtskarten mitnehmen!,2,656,13,,,B1,73.34,B1,B1
Am Abend ruft Anna ihre Freundin Lisa an.,0,541,8,,,A1,88.74,A1,A2
"Das Konzept hat sich bewährt, ökologisch wie ökonomisch.",5,unknown,8,,,C2,80.28,C2,B2
"Ungeachtet der allgemeingültigen Meinung, dass die Zeit der Trabanten vorbei sei, tangiert dies eingefleischte Enthusiasten des Kultfahrzeugs kaum.",5,unknown,18,,,C2,27.83,C2,C1
"Dem Skandal folgten viele weitere, zu dem auch der des früheren Trainers von Bayer Leverkusen, Christoph Daum, gehörte.",4,314,18,30.0,136.0,C1,78.59,C1,B2
"Sie nimmt ihr Handy und schreibt Herrn Müller eine Nachricht:

„Hallo Herr Müller, vielen Dank für die Einladung.",1,466,18,,,A2,87.05,A2,A2
2015 wurde der sogenannte Abgasskandal bekannt.,2,443,6,12.0,118.0,B1,31.55,B1,B2
Von den über 4. 000 Pflanzenarten und fast 45. 000 Tierarten in Deutschland leben die meisten im Wald.,3,669,18,,,B2,99.23,B2,B1
Sie geht aus dem Haus und läuft zum Supermarkt.,0,499,9,,,A1,96.18,A1,A2
Das sieht schon richtig lecker aus!,1,535,6,,,A2,99.23,A2,B1
In der WG von Lena und Max ist ein Zimmer frei.,0,536,11,,,A1,102.61,A1,A2
"Es gibt auch Wörter, die kommen in allen drei Varianten vor, bedeuten aber was anderes in den Ländern.",2,323,18,22.0,132.0,B1,78.59,B1,B1
"Vor allem in Indien, Afrika und auf der Arabischen Halbinsel ist das der Fall.",2,625,14,,,B1,74.19,B1,B1
Er kletterte bis in eine Höhe von 15 Metern und wollte nicht mehr herunterkommen.,2,670,14,,,B1,82.65,B1,B1
"Doch damit mehr Frauen so handeln, müsste auch die deutsche Politik aktiver Gesicht zeigen gegenüber den Herkunftskulturen, sagen Experten.",4,444,19,26.0,139.0,C1,69.11,C1,B2
"Haben Sie mehr Alkohol im Blut, dann ist – wenn es dumm läuft – sogar Ihr Führerschein weg.",3,634,18,,,B2,97.54,B2,B2
"Man geht in die Schule, dann vielleicht zur Universität und später ins Büro, arbeitet zu Hause am eigenen Computer weiter, um dann wieder zur Arbeit zu gehen.",2,287,27,31.0,140.0,B1,60.99,B1,B1
Sie sitzen alle zusammen in einem Bus.,0,521,7,,,A1,106.67,A1,A1
Die Corona-Pandemie sorgte trotz geschlossener Cafés und Gastronomiebetriebe sogar für eine leichte Konsumsteigerung.,4,291,13,27.0,136.0,C1,41.36,C1,B2
Alle diese Patenkinder haben mindestens sechs Geschwister.,1,593,7,,,A2,89.75,A2,B1
Für ihn gab es oft nur Omelett mit Pilzen.,1,697,9,,,A2,113.1,A2,B1
"Strauße sind interessante Tiere: Sie können sehr schnell laufen, aber nicht fliegen.",1,727,12,,,A2,84.68,A2,A2
"Mathilde: Für mich auch eine Suppe, eine Tomatensuppe.",0,525,8,,,A1,88.74,A1,A1
Wie gesagt: Eine Menge Aufwand mit dem Blog.,1,459,8,10.0,116.0,A2,114.12,A2,B1
"“ Der Regisseur, der hier den Darstellern die Kommandos gibt, ist in diese Rolle geschlüpft.",4,307,15,26.0,131.0,C1,82.65,C1,B2
"Die Kühe werden nicht mit Silo -Futter gefüttert, das heißt, sie fressen Gras und Kräuter und Heu im Winter.",2,322,19,31.0,139.0,B1,77.57,B1,B1
"Insekten und Wirbellose allgemein ist [sind] eher was Neues, also neues Markt [neu auf dem Markt].",1,457,16,26.0,134.0,A2,72.16,A2,B1
Die Deutschen essen weniger Gemüse als fast alle anderen Menschen in Europa.,2,704,12,,,B1,84.68,B1,B1
Dann helfen ihr die speziellen Härchen an ihren acht Beinen.,2,626,10,,,B1,112.09,B1,B1
"Ein britisches Forscherteam der Universität Oxford hat jetzt herausgefunden, dass das Zählen von Schäfchen nicht wirklich hilft, wenn man einschlafen möchte.",4,732,21,,,C1,50.16,C1,B2
"Schüler wiederum gehen mit den Lehrern härter ins Gericht: Etwa die Hälfte der Schüler bewertet das Engagement der Lehrer bei der Medienkompetenz als negativ, jeder dritte Schüler bezeichnet die Computerkenntnisse ihrer Lehrer sogar als schlecht.",5,unknown,35,,,C2,44.41,C2,B2
"Und es gibt viele Stellen in seinen schriftlichen Äußerungen, aus denen deutlich wird, wie sehr er unter der Niederlage Frankreichs gelitten hat, 1870/71 im Krieg gegen Preußen.",4,288,27,43.0,153.0,C1,77.91,C1,C1
"Nicht wegen des Beamtenstatus', der mich nicht den Unwägbarkeiten des Arbeitsmarktes aussetzt.",5,unknown,12,,,C2,33.92,C2,C1
Über 10. 000 Teile hat ein Auto.,0,463,7,11.0,116.0,A1,106.67,A1,A2
Jana sagt: „Willst du mit uns zusammen feiern?,0,465,8,,,A1,105.66,A1,A1
Sie bezahlt die Halskette mit einem 20-Euro-Schein.,1,539,7,,,A2,89.75,A2,A2
"Wir sollen also selbstverständlich Wissensvermittler, Erzieher und Lebensberater sein.",5,unknown,9,,,C2,36.96,C2,B2
Zehn Monate später fallen wieder Schüsse : Ein verwirrter Hilfsarbeiter will Studentenführer Rudi Dutschke töten.,4,460,15,28.0,137.0,C1,48.81,C1,B2
"Die Pfarrerin sieht in der Osterkita eine große Bereicherung: „Ich bin der festen Überzeugung, dass aus solch einer Kita eine Menge Toleranz erwächst.",4,297,23,38.0,146.0,C1,56.59,C1,B2
Das Holländische Viertel mitten in Potsdam.,0,485,6,11.0,117.0,A1,48.47,A1,A2
Bei nachgewiesener künstlerischer Eignung kann vom Schulabschluss abgesehen werden.,5,unknown,9,,,C2,11.58,C2,C1
"Interessierte finden hier Exposés zu sämtlichen Angeboten, inklusive der jeweiligen Ansprechpartner in den Liegenschaftsämtern der teilnehmenden Kommunen.",5,unknown,17,,,C2,28.84,C2,C1
"Er hasste den ‚Beamtenkäfig‘, in dem sein Vater arbeitete und lehnte dessen Wunsch ab, auch er solle eine Beamtenlaufbahn einschlagen.",4,292,20,36.0,148.0,C1,59.64,C1,B2
Dazu kommt oft noch eine Gewinnbeteiligung .,2,457,7,11.0,116.0,B1,90.77,B1,B1
"Traditionell verhaftet, vertrat der Franzose die Auffassung, dass Sportarten wie Turnen und Rugby domänenspezifisch den Männern vorbehalten seien.",5,unknown,18,,,C2,27.83,C2,C1
"Sie ging in ein Autohaus, interessierte sich für ein Auto im Wert von 15. 000 Euro und wollte dann direkt bar bezahlen.",2,649,22,,,B1,85.69,B1,B1
"Militärärzte versprechen sich nun, Übermüdung im Kampfeinsatz mit dem neuen Wirkstoff besser in den Griff zu bekommen.",5,unknown,17,,,C2,62.68,C2,C1
"Streetfishing – ein Angelsport, jung und modern.",1,467,7,12.0,115.0,A2,48.47,A2,B1
"Die meisten Neubauten erinnern an kleine Landhäuser – errichtet auf winzigen Grundstücken, ergänzt durch Garagenkästen, die im schlechtesten Fall direkt von der Betonindustrie auf die Parzellen gestellt werden.",5,unknown,28,,,C2,44.07,C2,C1
"Die Verlässlichkeit, mit der Neues zu Bekanntem wird, bringt ein Stück Ordnung in den Ablauf der Tageszeiten und schafft imaginäre Gemeinschaftlichkeit.",5,unknown,21,,,C2,75.54,C2,C1
"Ich hab nicht genug Mehl“, wenn ich etwas backe, ja.",1,323,10,15.0,119.0,A2,103.63,A2,B1
"Aber es gibt Hoffnung, sagt Ralf Bos.",2,315,7,10.0,115.0,B1,106.67,B1,B1
“ Die Maxhütte in dem Ort Bergen im Chiemgau blickt auf eine lange Geschichte zurück.,3,306,15,21.0,127.0,B2,99.57,B2,B2
Das Ergebnis veröffentlicht Frank Kunert in Bildbänden .,1,451,8,11.0,118.0,A2,64.37,A2,B1
Dann hab ich das wieder weggelegt und hab das Nächste wieder geöffnet.,1,468,12,16.0,123.0,A2,101.6,A2,B1
"Im Restaurant kann man viel essen: Pizza, Spaghetti, Salat, Suppe.",0,525,10,,,A1,78.25,A1,A1
Ungefähr zwischen dem 12. und 16. Monat können sie dann selbstständig laufen.,2,696,12,,,B1,82.31,B1,B1
"Da bleibt der Strunk hart, und das ist halt eben nicht die gute Qualität.",2,289,14,17.0,120.0,B1,99.57,B1,B2
"Das heißt, sie fliegen, als hätten sie kein Gewicht.",3,747,9,,,B2,104.64,B2,B2
"Betreuung des gesamten Bereichs der zielgruppenorientierten Spenderansprache von Caritas international durch die unterschiedlichen Instrumente des Direktmarketings – Pflege der SAP CRM-Datenbank – datenbankgestützte Zielgruppenanalysen und Entwicklung neuer Produkte zur Spendenwerbung (für unterschiedliche Spendergruppen und Spenderinteressen) – Abfassen von Texten für Mailings – Koordination mit den anderen Bereichen des Fundraising, der Presse- und Öffentlichkeitsarbeit – Zusammenarbeit mit externen Dienstleistern und Agenturen.",5,unknown,60,,,C2,-35.12,C2,C1
Diese Übergangszeit strengt die Menschen sehr an und macht sie schlapp.,3,579,11,,,B2,94.15,B2,B2
"Und zwar im normalen Alltag, nicht irgendwann Freitagabend ankommen und Sonntagmittag wieder los, sondern ganz normal, wenn die morgens in die Kita gehen oder heute in die Schule gehen, dass man am Alltag einfach teilhat .",3,445,36,44.0,160.0,B2,44.41,B2,B1
"Die Konflikte sind aber nicht konstruktiv, bringen keine für beide Seiten befriedigende Lösung des Problems.",4,285,15,22.0,130.0,C1,47.79,C1,B2
Und das kommt auch vom Jodeln: „Ich bin immer in der Natur draußen.,2,306,13,18.0,123.0,B1,100.58,B1,A2
"Dann weiß sie, was sie will.",2,534,6,,,B1,116.15,B1,A2
“ Die Figuren wirken beinahe lebendig.,3,286,6,9.0,117.0,B2,83.32,B2,B1
In der Bibliothek trifft Hannah ihren Chef.,0,503,7,,,A1,81.29,A1,A2
Aber was denken die Besucher darüber?,2,485,6,7.0,113.0,B1,90.77,B1,A2
Mit ihnen zusammen hat sie vor dem Absturz schon einmal für zwei Jahre mitten im Dschungel gelebt.,5,unknown,17,,,C2,71.14,C2,B2
"Sie trinken, lachen und tanzen bis spät in die Nacht.",1,516,10,,,A2,112.09,A2,A2
"Bis er dann erwachsen ist, ändern sich aber natürlich viele Dinge.",2,720,11,,,B1,85.69,B1,B1
Deutsch landet auf Platz 12: 133 Millionen Menschen sprechen Deutsch.,0,570,10,,,A1,78.25,A1,A2
Tom Colm geht auf die Bertold-Brecht-Oberschule.,0,478,6,15.0,118.0,A1,56.93,A1,A1
Im Hotel Schöndorf kann man viel machen.,1,485,7,,,A2,89.75,A2,A2
"Also, hat sich voll gelohnt.",1,474,5,8.0,112.0,A2,100.24,A2,B1
"Esskultur Anders als Franzosen und Italiener gelten die Deutschen nicht als Nation, in der Essen und Esskultur eine wichtige Rolle spielen.",4,315,21,29.0,137.0,C1,58.62,C1,B2
Eine Erfrischung für Körper und Geist sind das klare Wasser von St.,2,461,12,16.0,122.0,B1,84.68,B1,B1
An der Nordsee gibt es aber viel Wind und es ist auch oft kalt.,1,481,14,,,A2,99.57,A2,A2
Heute fliegt Tim in den Urlaub.,0,523,6,,,A1,116.15,A1,A1
"Sie lernen nicht nur viele verschiedene Tiere kennen, die im Watt leben, sondern erfahren auch viel über einen respektvollen Umgang mit der Natur.",3,471,23,27.0,136.0,B2,73.51,B2,B2
"Noch ein Text über Nördlingen: Die Katze, die auf einem Turm arbeitet",1,614,12,,,A2,84.68,A2,A2
"Hier hat die Stadt unter bestimmten Bedingungen sogar ein Vorkaufsrecht – darf also Häuserblocks selbst kaufen, um sie gegen Spekulation zu sichern.",4,464,22,30.0,139.0,C1,50.16,C1,B2
"Und ich glaube auch, dass das einem bei Bewerbungsgesprächen oder so was auch weiterhelfen kann.",2,310,15,22.0,132.0,B1,73.17,B1,B1
"Obwohl es auf den ersten Blick umfangreich erscheint, zeugt die erforderliche Aufarbeitung von beeindruckenden 100 Quadratmetern Buntglas von einer bemerkenswerten Herausforderung.",5,unknown,21,,,C2,24.78,C2,C1
Ralf hat Muffins in seinem Rucksack.,0,493,6,,,A1,99.23,A1,A1
"Denn vielleicht möchte der Gast nicht, dass andere von seinem Hotelaufenthalt wissen.",3,617,12,,,B2,76.22,B2,B1
Schnell geht Tanja zurück ins Geschäft und zur Umkleidekabine.,1,507,9,,,A2,79.26,A2,A2
"Revolution ist ein langer, komplizierter Prozess, wo der Mensch anders werden muss!",3,460,12,18.0,127.0,B2,50.84,B2,B2
Und die Lichtgeschwindigkeit ist viel schneller als die Schallgeschwindigkeit.,2,574,9,,,B1,104.64,B1,B1
"Auch feststellbar ist, dass niemand, der beispielsweise Leitungswasser trinkt, akute, heftig und plötzlich auftretende, Symptome einer Erkrankung zeigt.",4,305,18,34.0,154.0,C1,61.67,C1,C1
Einfach zuhören – das macht neugierig.,1,448,6,10.0,117.0,A2,100.24,A2,B1
Lena ist eine Freundin von ihnen.,0,493,6,,,A1,90.77,A1,A1
"Sie und ihre Mitschüler sind in der Schwerpunktklasse Chemie, Bio und Physik.",2,478,12,19.0,126.0,B1,84.68,B1,B1
"Im flächenmäßig größten deutschen Bundesland gibt es eine besondere Vorliebe für Zutaten, die anderswo nicht unbedingt auf den Tisch kommen: Innereien wie Kutteln , Euter , Kopf und Füße vom Kalb, Kalbsbries , Zunge, Magen, Herz, Leber, Niere und Kronfleisch .",5,319,41,70.0,186.0,C2,42.38,C2,C1
"“, dann hören Sie bestimmt 90-mal die Antwort: „Gut“.",2,746,9,,,B1,88.74,B1,B1
"Als der Braten schließlich fertig war, konnten sich die Hobbyköche jedoch nicht einigen, wie man den Sauerbraten zerlegt, also richtig in Scheiben schneidet.",4,726,23,,,C1,56.59,C1,B2
"Da der Begriff „Osterkindertagesstätte“ zu lang ist, wurde auf die in der Umgangssprache verbreitete Abkürzung für „Kindertagesstätte“, Kita, zurückgegriffen.",4,297,19,42.0,159.0,C1,52.19,C1,C1
Das Kalbfleisch wird leicht gesalzen und in griffiges Mehl getaucht .,2,473,11,21.0,125.0,B1,95.17,B1,B1
"Mit Hilfe der Religion lassen sich Menschenmassen noch immer leicht beeinflussen, und manche religiöse Lehrer, Priester und Oberhäupter werden selbst zu Anstiftern von Krieg und Terrorismus.",5,unknown,26,,,C2,36.63,C2,C1
Das kann man ganz schön in den biblischen Texten nachlesen.,2,304,10,15.0,118.0,B1,69.79,B1,B1
Die Angst vor diesem Unglücksdatum ist relativ jung.,3,621,8,,,B2,71.82,B2,B2
"Erzählt wurde etwa die Geschichte Gottes mit seinem Volk, also die Flucht der Israeliten vor den Ägyptern und ihre Rettung durch ein Wunder Gottes.",4,304,24,34.0,140.0,C1,80.96,C1,B2
"Für ihn als Experten war immer klar, was eine Trüffel ist.",3,315,11,16.0,120.0,B2,85.69,B2,B1
"Der Schock führte wohl dazu, dass die Wunden an Oberarm und Bein kaum bluteten, und verdeckte auch die beiden unsichtbaren Verletzungen: Bei ihrem Fall brach sie sich das Schlüsselbein.",5,unknown,29,,,C2,58.96,C2,B2
Mit dem Zug in die tschechische Hauptstadt: Prag ist die erste Etappe des Interrail -Abenteuers von Aedan Gibson aus Edinburgh.,2,466,20,31.0,137.0,B1,59.64,B1,B1
"Das müssen Tausende elternloser, streunender Kinder gewesen sein.",4,284,8,16.0,120.0,C1,46.44,C1,B2
„Das Schwimmbad schließt um sechzehn Uhr.,0,486,6,,,A1,99.23,A1,A1
Und mit Schokolade … Wir haben spezielle Pralinen.,0,461,8,12.0,119.0,A1,81.29,A1,A2
Werden wir überhaupt noch selbst arbeiten oder gibt es nur noch Roboter?,2,318,12,15.0,121.0,B1,67.76,B1,B1
"Haben Sie Ihrem Auto, Staubsauger oder Computer schon mal einen Namen gegeben?",2,569,12,,,B1,76.22,B1,B1
"Auch für die Dummheit nämlich gibt es kein Wort, das der Vielfalt der Erscheinungen gerecht werden könnte.",5,unknown,17,,,C2,71.14,C2,C1
Auch an einschlägigen Sub- stantiven herrscht kein Mangel.,5,unknown,8,,,C2,63.36,C2,C1
Sie öffnet die Tür und geht in den Raum.,0,471,9,,,A1,113.1,A1,A2
Es gibt heute zwei Gerichte: Spaghetti oder Kuchen.,0,534,8,,,A1,105.66,A1,A2
"Aber die geben unserem Körper das falsche Signal, weil er dann zusätzliche Wärme produziert.",3,599,14,,,B2,74.19,B2,B1
Und dann wird der einfach ‚obatzt‘.,1,319,6,11.0,115.0,A2,99.23,A2,B2
Obwohl in seinen Bildern niemals Menschen auftauchen : Beim Betrachten spürt man ihre Präsenz deutlich.,4,451,15,22.0,136.0,C1,65.73,C1,B2
In der Nordsee dagegen sind hauptsächlich die Schifffahrt und die Fischerei für den Plastikabfall verantwortlich.,3,636,15,,,B2,39.33,B2,B2
"Katastrophen, Anschläge, Tote: Täglich werden wir mit negativen Nachrichten konfrontiert.",3,290,10,22.0,131.0,B2,27.49,B2,B2
"“ Jodeln ist – wie Josef sagt – eine Urform des Rufens, um sich zu finden oder auch einfach nur zu verständigen.",3,306,22,29.0,133.0,B2,77.57,B2,B2
"Hochschulabschluss in den Bereichen Geistes- beziehungseise Sozialwissenschaft oder BWL mit Erfahrungen im Sozialmarketing, möglichst Zusatzqualifikationen in einem journalistischen Arbeitsfeld beziehungseise entsprechende Berufserfahrung – einschlägige Erfahrung im Direktmarketing – sehr gute schriftliche Ausdrucksfähigkeit sowie die Fähigkeit, komplexe Sachverhalte in einfacher Sprache darzustellen – Affinität zu Themen der internationalen humanitären Hilfe – Fremdsprachenkenntnisse in mindestens zwei Sprachen – Bereitschaft zu Auslandsreisen.",5,unknown,59,,,C2,-17.18,C2,C1
Sie kann die Tasche auch nicht sehen.,0,502,7,,,A1,106.67,A1,A2
"Marx hat gesagt, er würde das Geld am liebsten abschaffen , weil er konnte ja auch selber nicht besonders gut mit Geld umgehen .",3,454,24,27.0,136.0,B2,74.53,B2,B2
"Anastasia liest:

„Hallo Frau Wagner,

mein Name ist Max Müller.",0,466,10,,,A1,61.33,A1,A1
"‘ Wir haben mehr Namenstag gefeiert, so Muttertag, nein.",1,300,9,15.0,121.0,A2,80.28,A2,A2
"Nehmen wir zum Beispiel den Satz: ""Ich mache jede Woche zwei Hörtexte"".",2,730,12,,,B1,101.6,B1,B1
1980 waren das noch fast 17 Prozent.,1,597,7,,,A2,115.13,A2,B1
"Das Interesse an analoger Fotografie ist so groß, dass sogar neue Modelle auf den Markt kommen : die „Reflex“ von einem Londoner Start-up ist die erste neue Rollfilmkamera seit 25 Jahren.",4,441,31,44.0,150.0,C1,57.95,C1,B2
Zeitungspapier zum Einwickeln gab es ja noch nicht.,2,678,8,,,B1,71.82,B1,B1
"Wenn man Glück hat, findet man im Wald frische Heidelbeeren.",2,576,10,,,B1,86.71,B1,B1
"an koronaren Herzerkrankungen, Verengungen der großen Adern, die das Herz mit Sauerstoff versorgen und zu einem Herzinfarkt oder Schlaganfall führen, an Erkrankungen der Atemwege und Lunge oder an Krebs.",4,298,29,49.0,163.0,C1,58.96,C1,C1
"Auf seiner Brust hat er ein Tablet, und Patienten können mit Hilfe dieses Bildschirms mit ihren Angehörigen und Ärzten kommunizieren.",3,627,20,,,B2,59.64,B2,B1
"Er hat herausgefunden, dass sich zum Beispiel Schüler im Unterricht einen Sachverhalt leichter merken, wenn er mit einem Witz verbunden wird.",4,303,21,29.0,139.0,C1,58.62,C1,B2
"Für die Nachwelt wurden die, die der Kirche Geld spendeten, es stifteten, in Stein verewigt.",4,286,15,25.0,130.0,C1,90.09,C1,B2
"Auch dann nicht, wenn man sich alle Orte, die mit ihm verbunden sind, angeschaut, alle Veröffentlichungen über ihn gelesen hat.",4,308,20,27.0,137.0,C1,76.56,C1,B2
"“, sagt Mirkos Mutter und umarmt ihren Sohn.",0,492,8,,,A1,106.67,A1,A2
"Als der kleine Jesus geboren war, bekam er Besuch von drei weisen Männern aus dem Morgenland*, wahrscheinlich aus dem Gebiet des Iraks, Irans, Saudi Arabiens oder des Jemen.",3,701,28,,,B2,51.52,B2,B1
"Der Mann sieht ihn an und sagt: „Na gut, fünf Euro.",1,501,11,,,A2,102.61,A2,A2
"Und Jodeln löst nicht nur beim Jodler selbst, sondern auch bei den Zuhörern positive Gefühle aus.",4,306,16,25.0,131.0,C1,72.16,C1,B2
"Toms Klassenlehrerin jongliert dagegen 20, 25 Kinder pro Klasse.",2,478,9,19.0,126.0,B1,96.18,B1,B2
"Die Station ist Koepckes Erbe, die Verbindung zwischen Peru und Deutschland, zwischen ihrem Leben und dem ihrer verstorbenen Eltern.",5,unknown,19,,,C2,60.65,C2,B2
"Hier sprengt Sarah Illenberger den Rahmen des klassischen Grafikdesigns : Ihre Arbeiten illustrieren Situationen für Anzeigen , Magazinstrecken und freie Kunst.",4,442,21,32.0,143.0,C1,1.43,C1,C1
Sie halten sich dann aber meistens noch an der Hand bei Eltern oder anderen Bezugspersonen fest.,3,696,16,,,B2,72.16,B2,B1
Am nächsten Tag kommt die alte Dame wieder ins Café.,1,529,10,,,A2,103.63,A2,A2
Eigentümer bleiben die User .,0,470,5,7.0,112.0,A1,75.88,A1,B1
“ Der Prüfer vergleicht die schweren Mängel an einem Fahrzeug mit einer Krankheit.,3,299,13,19.0,126.0,B2,76.22,B2,B1
Bei den Desktop-Computern ist der Verfall schon ein paar Jahre länger her und wurde durch den Wunsch nach mehr Leistung für Spiele und Grafik-Software kompensiert.,5,unknown,25,,,C2,63.02,C2,B2
"Außerdem hilft es, die Augen zu reinigen.",1,601,7,,,A2,64.37,A2,B1
"Einige Feinschmecker kämen extra aus Süddeutschland nach Zürich angereist – oder gar von noch weiter her: „Wir sind halt doch in Zürich, Bahnhofstraße, der teuerste Fleck auf der Erde vom Mietpreis her.",4,322,32,52.0,166.0,C1,48.47,C1,C1
"Wenn die Entwicklung ansonsten normal verläuft, besteht hier kein Grund zur Sorge.",4,696,12,,,C1,50.84,C1,B2
"Es hat den Stellenwert so ’n bisschen verloren, weil ich festgestellt habe: Es macht halt nicht glücklich.",3,468,17,22.0,134.0,B2,71.14,B2,B2
"Louisenlund: einst Sitz eines Herzogs , heute ein privates Internat .",1,478,11,17.0,122.0,A2,62.34,A2,B1
"‘ Also zusätzlich zu den klassischen ‚W-Fragen‘ – ‚Wer, Wie, Wo, Wann‘ und so weiter – immer auch dieses ‚Wie kann es weitergehen?",3,290,23,35.0,145.0,B2,59.64,B2,B1
Bei den hohen Mieten in den Städten hätte man eigentlich genau das Gegenteil vermutet.,4,613,14,,,C1,82.65,C1,B2
"Die Luft, die sie ausatmen, ist wärmer als die Luft im Restaurant.",3,602,12,,,B2,93.14,B2,B1
Im internationalen Vergleich rangiert Deutschland bei den Ausgaben für professionell geplante Hochzeiten eher im Mittelfeld .,4,483,16,22.0,130.0,C1,30.87,C1,B2
Außerdem ist das Gemüseangebot im Supermarkt das ganze Jahr über viel größer als früher.,3,679,14,,,B2,82.65,B2,B1
"Na, wäre das was für Sie?",0,602,6,,,A1,116.15,A1,B1
Jodeln auf dem Berg Es gilt als urbayrisch: das Jodeln.,1,306,10,19.0,122.0,A2,103.63,A2,B1
Und das lässt die Temperatur dann wieder steigen.,2,706,8,,,B1,88.74,B1,B1
"‘ Also, er ist in einem Dauermangelzustand.",1,285,7,13.0,118.0,A2,48.47,A2,C1
Am Ende von Liebesfilmen finden sie sich doch immer: zwei Verliebte.,2,324,11,18.0,122.0,B1,77.23,B1,B1
"Zeit, um sich dem Blog zu widmen .",1,459,8,10.0,114.0,A2,106.67,A2,B1
"Im ersten Duden 1880 standen 27. 000 Stichwörter, heute sind es bereits 145. 000. Ungefähr alle fünf Jahre wird der Duden aktualisiert.",3,690,22,,,B2,80.99,B2,B1
Sie hat sich sehr darauf gefreut.,2,544,6,,,B1,99.23,B1,B1
"Jeder liebt doch, Avocado zu essen.",1,481,6,10.0,114.0,A2,48.47,A2,A2
Sie hat Deutsch gelernt und kümmert sich nun selbst um Migrantinnen.,2,444,11,15.0,121.0,B1,68.77,B1,B1
"Man weiß halt wirklich, was man da sagt, und man spürt auch richtig die Wut oder was auch immer.",3,310,19,24.0,128.0,B2,94.49,B2,B1
Hochbetrieb bei den Vorbereitungen: Viele Freiwillige helfen beim Stecken mit.,2,458,10,19.0,127.0,B1,61.33,B1,B2
Die Polizei konnte ihn in null Komma nichts festnehmen.,3,657,9,,,B2,79.26,B2,B2
Ob Heimatgefühl oder Sehnsuchtsort - der Mythos Bayern wird von Einheimischen und Touristen am Leben gehalten.,4,453,16,26.0,134.0,C1,56.25,C1,B2
"Ich muss noch ein paar Sachen für den Kuchen kaufen“, denkt Anastasia.",2,466,12,,,B1,93.14,B1,A2
"Wer sich lange Zahlenkombinationen merken will, kann sich Bilder schaffen.",3,316,10,15.0,122.0,B2,69.79,B2,B1
"Der Schmerz wird als unnötiges und fruchtbares Residuum betrachtet, das der Fortschritt beseitigen muss, ein furchtbarer Anachronismus, der zu verschwinden hat.",5,unknown,21,,,C2,50.16,C2,C1
Warum trennen sich private Smartphone-Nutzer in Deutschland von ihren Mobiltelefonen?,3,619,10,,,B2,35.95,B2,B2
"Ein Faulpelz ist natürlich – wie der Müßiggänger – etwas, was wir nie sonderlich in der europäischen oder in der antiken Geschichte geschätzt haben.",4,287,24,35.0,141.0,C1,66.07,C1,B2
"Und wenn man dann die Erklärung hat, das könnte daran liegen, dass man schneller, dass man vielleicht etwas anders strukturiert denkt als die anderen, dann kann das durchaus in einer Situation, in der man den Eindruck hat: ‚Irgendwie pass’ ich im Moment schlecht zu meinem Gesprächspartner oder der zu mir‘, auf diese Weise zu erklären, als dass man dann so vollkommen ratlos steht und sich fragt: ‚Ja, bin ich jetzt irgendwie sozial inkompetent?",4,302,73,97.0,223.0,C1,14.3,C1,C1
"Das ist eine Region in Süddeutschland, mit der Stadt Würzburg am Main im Zentrum.",1,631,14,,,A2,82.65,A2,B1
"Sie ist nicht so offensichtlich und nicht so pompös wie in den Tropen , aber sie kann, wenn man genauer hinguckt, genauso begeistern und ist genauso schön.",4,471,27,35.0,149.0,C1,70.47,C1,B2
Aber warum fressen auch Krokodile Steine?,2,727,6,,,B1,116.15,B1,B1
Also ist die Fahrt sehr lang.,0,514,6,,,A1,99.23,A1,A2
Jetzt gibt es keinen Platz mehr im Bus.,1,514,8,,,A2,105.66,A2,A2
"Pathologische Essstörungen haben eine Vielzahl komplexer Ursachen, die sowohl genetische als auch psychosoziale Faktoren umfassen.",5,unknown,15,,,C2,39.33,C2,C1
Dadurch kann das Blatt nicht mehr mit Wasser und Nährstoffen versorgt werden und fällt ab.,3,645,15,,,B2,81.63,B2,B2
"Es enthält wenig Energie, füllt aber den Magen, sodass unser Hungergefühl schnell verschwindet.",3,704,13,,,B2,66.74,B2,B1
Viele Menschen kommen auch nach St.,0,461,6,7.0,111.0,A1,90.77,A1,A2
Bei einem gesunden Erwachsenen können das täglich zweieinhalb bis drei Liter sein.,2,599,12,,,B1,76.22,B1,B1
"Anders sieht es dann aus, wenn das Netz missbraucht wird, um Lehrer zu diffamieren, lächerlich zu machen oder sie zu bedrohen.",5,unknown,21,,,C2,84.0,C2,B2
"“

Kurze Zeit später klingelt es wieder an der Tür.",1,537,10,,,A2,104.64,A2,A2
Also zieht Willi seine Kleidung und seine Schuhe aus.,0,490,9,,,A1,96.18,A1,A2
Wir haben nicht mehr viel Zeit.,1,502,6,,,A2,116.15,A2,A2
Seine Freundin hat eine intime Beziehung zu einem anderen Mann – und er weiß Bescheid.,3,324,15,18.0,124.0,B2,91.11,B2,B1
Das ist mein Buch.,0,444,4,5.0,108.0,A1,118.18,A1,A1
"Und was macht man, wenn man auf die Toilette muss?",1,602,10,,,A2,103.63,A2,A2
Und drittens isst man unterwegs die falschen Dinge.,2,694,8,,,B1,80.28,B1,B1
Und Baden-Baden hat den Infinitiv gleich doppelt im Namen.,3,744,9,,,B2,53.88,B2,B1
Das ist einfach ein großer Männerspielplatz.,1,463,6,11.0,115.0,A2,73.85,A2,B1
Gleichzeitig wird kontinuierlich an der Verbesserung der Filtertüten gearbeitet.,4,447,9,15.0,126.0,C1,45.42,C1,B2
10 Minuten später klingelt Mona an der Tür.,0,531,8,,,A1,105.66,A1,A2
Doch trotz der Vielseitigkeit des Nutztiers reicht das Geld hinten und vorn nicht.,4,295,13,18.0,126.0,C1,83.66,C1,B2
Meine Frau steht auf den Look von Elvis und stylt mir immer genauso die Haare.,2,469,15,17.0,124.0,B1,90.09,B1,B1
"Studentin Stefanie kommt hier ab und zu gerne hin, wie sie sagt: „Was sich lohnt, sind die Sachen zweiter Wahl, weil als Studentin hat man kein Geld, bezahlt man ungern mehr.",3,301,31,43.0,151.0,B2,73.85,B2,B1
"In der Regel übernimmt das ein Bestattungsunternehmen, das von den Angehörigen mit der Abwicklung der Beisetzung beauftragt wurde.",4,293,18,29.0,138.0,C1,53.21,C1,B2
"Ach, bringen Sie mir irgendetwas: eine Pizza oder Spaghetti oder eine Suppe oder einen Salat.",1,525,15,,,A2,73.17,A2,A2
Und wer tut das leichten Herzens?,4,294,6,9.0,112.0,C1,90.77,C1,B2
Eine englische Firma hat sich nun um die Sicherheit dieser Stadt-Hühner gekümmert: Sie hat Sicherheitswesten speziell für diese Tiere entwickelt.,3,716,20,,,B2,51.18,B2,B1
"“„Hallo, ein Stammtisch ist eine Gruppe.",0,487,6,,,A1,99.23,A1,A1
Simon ist neu in der Stadt.,0,487,6,,,A1,99.23,A1,A1
"Eva Ullmann, die das Leipziger Institut 2005 gründete, ist der Meinung, dass Humortraining keine Wissenschaft für sich ist.",4,303,18,28.0,140.0,C1,53.21,C1,B2
Ich find' die blauen Lichter immer sehr schön.,1,485,8,12.0,115.0,A2,105.66,A2,A2
"Wie die meisten Hochbegabten stellte auch Heinrich fest, dass er sehr gerne über etwas knobelte, schwierige Aufgaben und Rätsel löste, Denksport betrieb.",4,302,22,37.0,149.0,C1,66.07,C1,C1
"Wenn man sich so umschaut, sind die Anforderungen enorm, sie unterscheiden sich, je nachdem, wer sie stellt, nur darin, was in den Vordergrund geschoben wird.",5,unknown,25,,,C2,71.48,C2,C1
In der Schale gibt es ungefähr 10. 000 Mini- Poren.,0,635,10,,,A1,100.24,A1,B1
"Und, wie war das Wetter heute?",0,735,6,,,A1,99.23,A1,A1
"Das heißt also, Sie trainieren eigentlich, indem Sie anspruchsvolle Dinge lesen, indem Sie anspruchsvolle Dinge kommunizieren, indem Sie diskutieren.",3,316,19,31.0,143.0,B2,69.11,B2,B2
Sneaker aus alten Kaugummis sind dafür ein ideales Statussymbol .,3,462,10,15.0,121.0,B2,45.42,B2,B2
"Erinnern Sie sich noch an den ehemaligen Bundeskanzler Gerhard Schröder, der die Lehrer samt und sonders als “faule Säcke” beschimpfte?",5,unknown,20,,,C2,68.1,C2,C1
"Das bestätigte mir vor Kurzem eine Umfrage, die die Wochenzeitung “Die Zeit” in Auftrag gegeben hatte.",5,unknown,16,,,C2,80.62,C2,B2
"Im Gegensatz zur „Odyssee“ ist der Reisebericht eine realistische Reise, die eine Autorin, ein Autor in der Regel auch tatsächlich erlebt hat.",4,313,22,34.0,146.0,C1,57.61,C1,B2
Rund 20. 000 Besucher schauen sich jedes Jahr dieses Spektakel an.,2,458,11,18.0,125.0,B1,85.69,B1,B1
"Diese Merktechnik mit Hilfe von Assoziationen, freien gedanklichen Verbindungen, nutzt auch der mehrfache Weltmeister im Kopfrechnen, der Deutsche Gert Mittring.",4,316,20,39.0,149.0,C1,51.18,C1,B2
Neben einem reduzierten Schlafbedürfnis wurden bisher keine weiteren positiven kognitiven Effekte nachge- wiesen.,5,unknown,13,,,C2,15.98,C2,C1
Das bringt auch noch ein paar Euro.,1,463,7,8.0,112.0,A2,106.67,A2,B1
Dann können wir alle zusammen auf das Festival gehen.,1,465,9,,,A2,79.26,A2,A2
Der Regen hat sie aber ausgewaschen.,2,321,6,9.0,114.0,B1,73.85,B1,B1
“ Schon als Sechsjähriger begleitete Christian von Stern den Vater in die Firma.,3,312,13,19.0,127.0,B2,76.22,B2,B2
"‘“ Der Muttertag wurde von den Nationalsozialisten dafür missbraucht, ihr Mutterideal zu propagieren: Wer dem „Führer“ Adolf Hitler mehr als vier lebende, sogenannte „reinrassige arische“ Kinder gebar, wurde mit dem sogenannten „Mutterkreuz“ ausgezeichnet.",5,300,33,64.0,178.0,C2,30.54,C2,C1
Und natürlich ist auch die berühmte Karlsbrücke aus dem 14. Jahrhundert ein absolutes Muss .,2,466,15,21.0,131.0,B1,81.29,B1,B1
"Und das „tēr“ ist eigentlich häufig gebraucht für Verwandtschaftsbeziehungen, also Schwester, Vater, Tochter.",3,300,13,25.0,138.0,B2,66.74,B2,B2
Maya nimmt das große Buch aus dem Schrank und setzt sich wieder auf das Sofa.,1,544,15,,,A2,98.55,A2,A2
Doch nicht alle sind unzufrieden.,2,472,5,8.0,114.0,B1,100.24,B1,B1
"Sie geben also die Vertragsbedingungen vor, nach denen sich ein Vertragspartner zu richten hat, inklusive Risiko und Haftung.",4,318,18,24.0,137.0,C1,44.75,C1,B2
Die Königsdynastie der Wittelsbacher fördert das Entstehen eines bayerischen Nationalgefühls.,4,453,10,25.0,132.0,C1,10.56,C1,C1
Dort wurden die VW-Modelle Golf und Passat gebaut.,1,294,8,14.0,118.0,A2,71.82,A2,B1
Dann muss sich das Gehirn anstrengen.,2,738,6,,,B1,99.23,B1,B1
Ich hab‘ auch nicht so das Interesse dafür und ich hab‘ auch nicht die Zeit.,1,472,15,18.0,122.0,A2,98.55,A2,B1
In nur wenigen Sekunden war er in der Wohnung.,2,653,9,,,B1,87.72,B1,B1
"Am bemerkenswertesten aber ist die ganze Region umfassende Initiative in der Provinz Limburg, die lokale und landesweite Interessen zusammenführt, um Partnerschaften zu gründen, die eine „neue industrielle Revolution“ in dieser Gegend verwirklichen wollen.",5,unknown,33,,,C2,29.52,C2,C1
Sofia sieht nach links und nach rechts.,0,502,7,,,A1,115.13,A1,A1
Ich habe sogar ein Tor geschossen.,1,527,6,,,A2,99.23,A2,A2
Manchmal haben die Kunden eine Frage.,0,503,6,,,A1,90.77,A1,A2
Auf 70. 000 Quadratmetern: alles Schrott .,0,463,7,14.0,118.0,A1,99.23,A1,B1
"Der Fluchtweg von Homs war sehr gefährlich, die Straßen waren mit den Überresten von zerstörten Bussen und Fahrzeugen gesäumt und überall lauerten Scharfschützen.",5,unknown,23,,,C2,81.97,C2,B2
"Sie finden bei mir Rotweine, Weißweine, Roséweine und auch Schaumweine . '",1,449,12,24.0,128.0,A2,103.63,A2,A2
"Doch wie verbreitet ist dieser Lebensstil, der sich so stark von der gewohnten klassischen Zweierbeziehung unterscheidet?",4,324,16,27.0,134.0,C1,55.24,C1,B2
Sie tun 20 Mal am Tag etwas zu bestimmten Situationen.,1,298,10,12.0,117.0,A2,61.33,A2,A2
"Vor allem 26 PS , ne.",0,294,6,8.0,112.0,A1,117.16,A1,B1
"Adolf, der erst später zur Welt kam, hüllte diese Ereignisse konsequent und akribisch in einen Schleier des Schweigens.",5,unknown,18,,,C2,95.51,C2,C1
"Das sind jetzt die Wohnungen, wo wir mit Konzernen wiederum über den Milieuschutz verhandeln, dass sie dort ihre Modernisierungs umlagen senken, dass die Mieten nicht zu sehr steigen im Zuge der Aufwertung .",4,464,33,48.0,158.0,C1,55.92,C1,C1
Er feiert sehr gern mit seinen Freunden.,1,516,7,,,A2,89.75,A2,A2
Ein Jahr lang hat Lichtdesigner Christoph Hillen an diesem Projekt gearbeitet.,3,474,11,14.0,120.0,B2,68.77,B2,B2
Von klein auf war Elvis für mich der King of Rock ’n’ Roll.,2,469,13,16.0,120.0,B1,109.04,B1,B1
Da ist die gesamte Etappenlänge fünfzehneinhalb Kilometer.,1,476,7,15.0,123.0,A2,38.99,A2,B1
"Und wenn ich meine Tür abschließe, und der eine klopft und der andere klopft – das kann ich gar nicht mit ansehen.",3,465,22,30.0,135.0,B2,92.46,B2,B1
Zugleich aber liegt mir die Mahnung am Herzen: Lasst uns die sorgsame Pflege guter Nachbarschaft wichtiger sein als jede Beteiligung an fremden Konflikten in anderen Kontinenten.,5,unknown,26,,,C2,53.55,C2,C1
Immer mehr Cafés in Deutschland bieten neben Espresso und Cappuccino auch Filterkaffee an.,2,447,13,18.0,125.0,B1,49.82,B1,B1
"Wenn ich nämlich von Leuten, die ich gerade kennengelernt habe – im Urlaub, auf einer Party, in einem Kurs –, nach meinem Job gefragt werde, kommt mir dieser Satz „Ich bin Lehrerin“ stets wie ein Bekenntnis vor, wie ein Bekenntnis zu etwas Negativem, ungefähr ähnlich dem Bekenntnis zu einem Laster wie dem Rauchen oder Schlimmerem.",5,unknown,55,,,C2,34.6,C2,C1
Dabei hatten die Zwickauer Ingenieure ganz in der Tradition ihres Standorts viele gute Ideen für bessere Autos.,4,294,17,23.0,131.0,C1,62.68,C1,B2
"„Ich weiß nicht, welche Wohnung die beste für mich ist.",1,532,10,,,A2,103.63,A2,A2
"Zwar wird er schon seit 1991 nicht mehr gebaut, doch das kleine, unbequeme, viel verspottete Plastikauto ist noch immer auf den Straßen unterwegs – und genießt inzwischen sogar Oldtimerstatus.",4,294,29,44.0,157.0,C1,51.52,C1,B2
Chefkoch Markus Brunner hilft gerne mit.,0,473,6,9.0,114.0,A1,90.77,A1,A2
"Ihre Eltern waren nach Peru ausgewandert, weil ihre Mutter, Maria Koepcke, als Ornithologin dort die reiche Vogelwelt erforschen wollte, und ihr Vater, Hans-Wilhelm Koepcke, an ganzheitlicher Ökologie interessiert war.",5,unknown,29,,,C2,42.04,C2,B2
", ihr Gatte, und zehn weitere Familienangehörige.",0,286,7,13.0,120.0,A1,31.55,A1,B1
"Berlin: Auf einer Pressekonferenz gab die Leibniz- preisträgerin des Jahres 2010 Rita Lien bekannt, sie nehme seit Jahren Hirndopingmittel ein.",5,unknown,20,,,C2,59.64,C2,B2
"Da man auf weißer Kleidung jeden Fleck sieht, kann man schmutzige Arztkittel sofort wechseln.",4,618,14,,,C1,74.19,C1,B2
Oma Börse aber ist immer noch da.,1,465,7,10.0,114.0,A2,106.67,A2,A2
Denn es gibt nicht mal tausend Wölfe in Deutschland.,2,440,9,13.0,118.0,B1,104.64,B1,B1
"Ich hab’ gesagt: Ey, nein, das machen wir!",1,448,8,13.0,118.0,A2,114.12,A2,B1
"Wie Nico Winkelmann vom Traditionsrestaurant „Bümmersteder Krug“ bekräftigt, scheint es in Oldenburg tatsächlich der Fall zu sein, dass nahezu jedes Kind mit Grünkohl groß wird.",5,unknown,25,,,C2,46.1,C2,C1
"Ihr Mandat bestand darin, durch umfassende demokratische Bildungsinitiativen zur intellektuellen Neubildung beizutragen und so einen bedeutsamen Beitrag zur Entnazifizierung Deutschlands zu leisten.",5,unknown,22,,,C2,15.31,C2,C1
"Dass sich Lernvorgänge beeinflussen lassen, zeigen diese Beispiele eindrücklich.",5,unknown,9,,,C2,62.34,C2,C1
"Es existieren jedoch auch andere Aussprüche, die weniger emotional sind und dennoch in unterschiedlichen Zusammenhängen sehr gut einzusetzen sind.",4,323,19,26.0,134.0,C1,52.19,C1,C1
"Selbst hier stammt der Großteil der Tiefkühlprodukte aus fernen Ländern wie Neuseeland und Australien, um anschließend, abhängig von ihrer jeweiligen Qualität, zu einem hohen Preis im Supermarkt angeboten zu werden.",5,unknown,30,,,C2,41.03,C2,C1
"Er galt als gewaltbereiter Despot, rechthaberischer Besserwisser und Pedant .",4,292,10,22.0,127.0,C1,53.88,C1,C1
"Die Blätter werden zunächst gezupft oder geschnitten, erklärt Inhaberin Hildburg Abel: „Wir verwenden den Grobschnitt, da ist ein bisschen mehr Strunk-Anteil wohl dabei, aber der sollte eben halt auch weichzukochen sein.",4,289,31,53.0,164.0,C1,48.47,C1,C1
"Wer nach Louisenlund will, braucht reiche Eltern – oder ein Stipendium wie Björk Lucas.",4,478,14,23.0,129.0,C1,75.2,C1,B2
Eins ist mit dem Helikopter gekommen.,1,450,6,9.0,115.0,A2,90.77,A2,A2
Alle steigen aus dem Bus aus.,0,521,6,,,A1,116.15,A1,A1
"Den fürchtet er immer noch, deshalb möchte er nicht erkannt werden.",3,445,11,15.0,121.0,B2,77.23,B2,B1
"Außerdem steigen einige Menschen lieber in ihr Auto, weil sie Angst haben, sich in öffentlichen Verkehrsmitteln anzustecken.",4,610,17,,,C1,71.14,C1,B2
Sie ziehen ihre Pyjamas an und putzen sich schnell die Zähne.,0,522,11,,,A1,94.15,A1,A2
"“

Viele Menschen antworten auf die Anzeige.",0,536,7,,,A1,99.23,A1,A2
"Nichtsdestoweniger erfordert wahre Muße, dass die daraus resultierende Beschäftigung sowohl Erfüllung als auch intellektuellen Mehrwert bietet.",5,unknown,16,,,C2,38.32,C2,C1
Man hat sie einfach weggegeben .,1,441,6,7.0,111.0,A2,100.24,A2,B1
"Das Rauchen verkörpert zwar für viele ein bestimmtes Lebensgefühl, stellt jedoch zugleich eine gefährliche Sucht dar, die unweigerlich gesundheitliche Schäden verursacht und potenziell tödlich enden kann.",5,unknown,26,,,C2,53.55,C2,C1
So entstehen Fotografien mit herausragender Qualität.,3,451,6,10.0,116.0,B2,14.63,B2,B2
"Oder bilden die standardisierten Einfamilienhäuser nur noch den Rahmen für eine Gesellschaft, in der auch das Leben standardisiert ist?",5,unknown,19,,,C2,52.19,C2,C1
"Und wir haben Europa wirklich mit neuen Augen kennengelernt und wirklich verstanden, dass Europa nicht Gesetze sind oder irgendwie politische Unionen , sondern die Menschen in all ihrer Vielfalt .",4,466,30,35.0,146.0,C1,43.06,C1,B2
„Also zum einen gibt’s natürlich schon 5798 Bücher.,0,308,8,13.0,117.0,A1,80.28,A1,B1
"So sind Zugvögel irritiert, ihr Biorhythmus gerät durcheinander, Pflanzen wachsen unkontrolliert und Insekten sterben in Laternen.",4,283,16,36.0,143.0,C1,38.32,C1,B2
Elf Autos besitzt der Deutsche durchschnittlich in seinem Leben.,2,463,9,11.0,118.0,B1,79.26,B1,B1
Es ist groß und sehr alt.,0,521,6,,,A1,116.15,A1,A1
"Sie können gern etwas mitbringen, vielleicht einen Salat oder Orangensaft.",2,466,10,,,B1,52.87,B1,A2
"Ihre Aufgaben je nach Position: Konzeption und Durchführung von Förderprogrammen für in- und ausländische Studierende, Wissenschaftler und Hochschulen, Projektmanagement, Qualitätssicherung und Evaluierung der Förderinstrumente, Kontaktpflege zu Partnerorganisationen, Geldgebern, Hochschulen und Botschaften im In- und Ausland, Erarbeitung von Stellungnahmen zu hochschul- und kulturpolitischen Fragen.",5,unknown,43,,,C2,2.45,C2,C1
Er entstand im Jahr 1866 und prüfte damals im Auftrag der Industrie zunächst nur Dampfkessel auf ihre Sicherheit.,4,299,18,24.0,135.0,C1,78.59,C1,B2
Aber kommst du danach noch vorbei?,1,527,6,,,A2,99.23,A2,A2
"Doch dann kam Pfingsten, der Tag, an dem sich alles änderte.",3,304,11,17.0,122.0,B2,77.23,B2,B1
Vier von hundert Erwachsenen in Deutschland sind Vegetarier.,1,697,8,,,A2,29.52,A2,A2
"“ Josef macht deutlich, dass echte Bayern, also solche, die wirklich dort leben oder von dort stammen, mindestens einmal, wenn nicht gar mehrmals im Jahr einen Berg besteigen, da rauf gehen.",3,306,31,41.0,151.0,B2,74.87,B2,B2
"Bei der Recherche, bei den Interviews.",0,290,6,8.0,112.0,A1,90.77,A1,B1
Für Touristen ist ein Besuch des Brandenburger Tores ein besonderes Erlebnis.,2,452,11,16.0,125.0,B1,51.85,B1,B1
“ Sie sitzen sehr lang auf dem Sofa und reden.,0,545,10,,,A1,96.18,A1,A2
"Wenn der Mensch sich nicht mehr spürt, wenn er keinen Zugang mehr zu seinen eigenen Gefühlen hat, beginnt er, sich selbst zu traktieren, weil der Schmerz besser ist als der Tod: Extremspot, Lippierungen oder Ganzkörperverletzungen – es scheint, als sehnten wir uns regelrecht nach dem Schmerz.",5,unknown,46,,,C2,42.72,C2,C1
"Die Frage, die mich jedoch umtreibt: Wie lange müssen wir uns noch mit diesen Limitierungen auseinandersetzen?",5,unknown,16,,,C2,63.7,C2,B2
"Und das Original Wiener Schnitzel entstand vom, vom Milchkalb .",1,473,10,15.0,121.0,A2,87.72,A2,B1
"Krankhafte Essstörungen wie Anorexie und Bulimie manifestieren sich durch extremes, ungesundes Verhalten: Während die Betroffenen der einen Gruppe sich selbst stark einschränken und hungern, essen die der anderen Gruppe exzessiv und induzieren anschließend vorsätzlich das Erbrechen, um die Nahrungsaufnahme zu kompensieren.",5,unknown,41,,,C2,21.4,C2,C1
"“, antwortet der Mann und gibt Emil das Heft und den Stift.",1,467,12,,,A2,111.07,A2,A2
Nach ein paar Minuten sind die Spaghetti endlich fertig.,1,535,9,,,A2,96.18,A2,A2
"Die Bewohner jeder Stadt formten eine stolze Bürgerschaft, die ihr Selbstbewusstsein in städtischer Architektur ausdrückte.",5,unknown,15,,,C2,22.41,C2,B2
"Nach dem Fall der innerdeutschen Grenze im Herbst 1989 machte sich eine Nation auf den Weg in die Freiheit, symbolisiert durch die unzähligen Autos aus Plastik, die über die Grenze rollten.",5,unknown,31,,,C2,48.47,C2,C1
"Man kriegt ’ne gewisse Wertschätzung zurück, die allerdings keine richtige Wertschätzung ist.",3,468,12,20.0,130.0,B2,101.6,B2,B2
"Haben Sie auch schon einmal nach dem Auschecken gemerkt, dass Sie im Hotelzimmer etwas vergessen haben?",3,617,16,,,B2,80.62,B2,B1
Mit Samt und Pailletten werden auch die traditionellen Weihnachtsstrümpfe Teil der Edelrock-Deko .,3,481,13,23.0,131.0,B2,42.38,B2,C1
"Warum es diese Stadtstaaten gibt, hat historische Gründe.",3,662,8,,,B2,80.28,B2,B1
"Die aus der indogermanischen Ursprache entstandenen Sprachen ähneln sich etwa beim Wortschatz – wie bei „mātēr“, „māter“ und „mētēr“.",4,300,19,41.0,152.0,C1,61.67,C1,C1
"Die düsteren Städte Europas werden nächtens abgeriegelt, es herrscht permanente Ausgangssperre.",5,unknown,11,,,C2,68.77,C2,C1
"Naturschützer, Stadtplaner und Mediziner fordern, nicht mehr möglichst alles unterschiedslos zu bestrahlen: Wichtige Knotenpunkte, Plätze und Wohnquartiere sollen leuchten, abseits darf es ruhig etwas schummrig sein.",5,unknown,26,,,C2,45.09,C2,C1
"“ Eine Studie der Organisation für Wirtschaftliche Zusammenarbeit OECD aus dem Jahr 2016 ergab, dass in den von ihr untersuchten 21 Ländern nur ein Bruchteil der Jobs von Maschinen übernommen werden könnten – nämlich nur neun Prozent.",4,318,37,47.0,164.0,C1,44.41,C1,C1
"Erst wenn der Kohl mindestens drei Stunden gekocht hat, erhält er die richtige sämige Beschaffenheit, Konsistenz.",4,289,16,26.0,136.0,C1,72.16,C1,B2
"Die These, dass gute Form der Funktion folge, wie es Architekten seit fast einem Jahrhundert postulieren, wird im Straßen- und Gewerbebau ad absurdum geführt.",5,unknown,24,,,C2,64.04,C2,C1
"Ah, okay, das gab es schon mal?",0,441,7,10.0,113.0,A1,115.13,A1,A2
In dem Text geht es um Pferde.,0,520,7,,,A1,115.13,A1,A2
"Hollerädiri, Hollerodiri, Hollerädiri, Hollerädiri, Hollerodiri, Hollerädiri, Hollerädiri, Hollerodiri, Hollerädiri, Hollerädiri, Hollerodiridiri.",0,306,11,57.0,167.0,A1,111.07,A1,A1
"Der Bankräuber war so perplex, dass er seinen Vor- und Zunamen nannte.",3,657,12,,,B2,76.22,B2,B2
"Wenn man das geschafft hat, dann ist es gar nicht mehr so schlimm.",2,307,13,15.0,122.0,B1,109.04,B1,B1
"Ich versuchte, bei ihr gut Wetter zu machen: „Lass die Sau raus und mach kein Affentheater!",5,unknown,16,,,C2,80.62,C2,C1
Dinas Eltern sind auch in der Küche.,0,495,7,,,A1,89.75,A1,A1
"Schon in der Zeit vor Christi Geburt, auf der unsere heutige Zeitrechnung beruht, existierten Mutterkulte, bei denen Muttergottheiten verehrt wurden.",4,300,20,35.0,148.0,C1,59.64,C1,B2
Haie können über solche Wehwehchen nur lachen.,4,606,7,,,C1,81.29,C1,B2
"Dort steht unter anderem, was ein Fahrzeug zu einem Fahrzeug macht, das auch in Deutschland fahren darf.",3,299,17,21.0,128.0,B2,88.06,B2,B1
"Doch dann wacht er auf, denn er hört etwas.",2,485,9,,,B1,104.64,B1,A2
"Verschiedene Exponate zeigen, wie zunächst Jäger und Holzfäller die unwirtliche Landschaft kultivieren .",4,453,13,26.0,133.0,C1,76.22,C1,B2
"“

Mohammed gibt ihm das Geld.",0,512,6,,,A1,100.24,A1,A1
"Und die Deutschen waren schließlich sehr erfolgreich: Sie nahmen mit 21 Athleten teil, der zweitgrößten Mannschaft, sie sicherten sich einen dritten Platz in der Medaillenwertung, dem Medaillenspiegel, und stellten einen der erfolgreichsten Teilnehmer: Carl Schuhmann.",4,288,35,59.0,176.0,C1,44.41,C1,B2
"Er kam von einem Bauernhof, besuchte eine Volksschule, schaffte es aber dennoch als Zollbeamter bis ins mittlere Beamtentum der Habsburger Monarchie.",4,292,21,39.0,149.0,C1,50.16,C1,B2
Dann legt er eine Hand auf Lottas Kopf.,1,519,8,,,A2,105.66,A2,A2
"Und drittens erfährt allein die betroffene Lehrkraft die Ergebnisse, mit denen sie dann umgehen kann, wie sie will.",5,unknown,18,,,C2,70.13,C2,B2
Er zeichnet seine Freunde und einen Fußball.,0,467,7,,,A1,81.29,A1,A1
"“ Das kann beispielsweise eine Mutter sein, die von ihrem besorgten Sohn zu hören bekommen hat: „Mama, vom Rauchen stirbst du!",2,298,21,30.0,141.0,B1,76.56,B1,B1
Vielleicht kommt gleich noch ein Zug?,1,492,6,,,A2,90.77,A2,A2
Doch in den zahllosen mittleren und kleineren Städten sowie in den Vorstädten und Agglomerationen macht sich eine hoffnungslose Traurigkeit breit.,5,unknown,20,,,C2,59.64,C2,C1
"Auch wenn eine Henne auf dem Ei sitzt, zerbricht das Ei nicht.",5,635,12,,,C2,101.6,C2,B1
Deshalb steigt sie nach oben und nicht nach unten in Richtung Spalt.,2,602,12,,,B1,84.68,B1,B1
"Weitere Nachbarländer sind die Niederlande, Belgien, Luxemburg, Frankreich, die Schweiz und Polen.",1,663,12,,,A2,42.38,A2,A2
Weil es einfach ein Highlight in der Adventszeit ist.,2,484,9,13.0,116.0,B1,87.72,B1,B1
Der Kommunismus in der Tschechischen Republik ist Geschichte .,1,466,9,13.0,120.0,A2,46.44,A2,B1
Es ist 17 Uhr und Hannahs Arbeit ist zu Ende.,0,504,10,,,A1,95.17,A1,A1
Seit ihrer Gründung im Jahr 1949 hat sich der Bestand der Internationalen Jugendbibliothek mehr als verachtzigfacht. Diese einzigartige Sammlung residiert malerisch im Schloss Blutenburg an der Peripherie der bayerischen Landeshauptstadt.,5,unknown,30,,,C2,39.33,C2,C1
Danach geht sie zurück ins Geschäft.,0,539,6,,,A1,116.15,A1,A2
Fatma und Sadja gehen in die neunte Klasse.,0,521,8,,,A1,80.28,A1,A1
Und damit für die Wissenschaftler für immer verloren.,1,475,8,10.0,116.0,A2,80.28,A2,B1
"Da war der Motorraum, der Deckel hier kaputt.",0,294,8,13.0,117.0,A1,63.36,A1,A2
"Martina Göldner-Kabitzsch hat viele Stammkunden , mit denen sie eine enge Bindung pflegt .",3,456,14,25.0,130.0,B2,50.84,B2,B2
"Und… Meine Aufgabe war es, so ein Re-Design für so ein Opernmagazin zu machen, und der Kreativdirektor sah sich mein Ergebnis an und meinte, es wäre leider überhaupt kein Stück besser als das ursprüngliche Heft und so bin ich dann gegangen.",3,442,41,56.0,173.0,B2,55.24,B2,B2
"Seither hat sich Deutschland an mehreren militärischen Interventionen beteiligt; sie wurden teils humanitär, teils mit der Notwendigkeit der Abwehr von Terrorismus begründet.",5,unknown,22,,,C2,40.69,C2,C1
Neben dem Jongleur sitzt ein Straßenmusiker.,1,539,6,,,A2,73.85,A2,A2
"Wir sind schließlich die ersten, die das Material nutzen.",2,462,9,11.0,115.0,B1,79.26,B1,B1
Vielleicht ist eine Person im Keller.,1,506,6,,,A2,90.77,A2,A2
"Der »Nature«-Artikel löste eine intensive Diskussion über die Legitimation von Gehirndo- ping aus – ein Fünftel der in einem Online-Forum debattierenden Wissenschaftler gab an, selbst schon einmal Medikamente zur Steigerung der geistigen Leistungsfähigkeit eingenommen zu haben.",5,unknown,36,,,C2,27.49,C2,C1
Der Verkäufer zeigt nach draußen und sagt: „Gehen Sie geradeaus.,0,538,10,,,A1,103.63,A1,A2
"Im Besonderen steht hier das Upcycling im Fokus, was bedeutet, dass wir erstklassiges Design auf höchstem Niveau realisieren wollen.",5,unknown,19,,,C2,43.73,C2,C1
"Etwas, das auch eng mit König Ludwig II.",1,308,8,11.0,117.0,A2,88.74,A2,B1
"Die Technik ermöglichte es, auf dem kürzesten Weg den Gipfel zu erreichen – und das schon im 19. Jahrhundert.",4,311,19,28.0,139.0,C1,78.59,C1,B2
Die Hälfte der Menschheit braucht nur 23 Sprachen für die Kommunikation.,3,570,11,,,B2,77.23,B2,B1
Einen Sack mit seinem gesparten Geld.,0,723,6,,,A1,99.23,A1,A2
"Die Leute hier haben mir gesagt, weißte was?",1,465,8,11.0,116.0,A2,105.66,A2,B1
In Asien und Afrika sind solche Konstruktionen aus Bambus ganz selbstverständlich.,3,712,11,,,B2,60.31,B2,B2
"Das Studium gliedert sich in die vier Bereiche Prosa, Lyrik, Dramatik und Neue Medien, von denen einer als Kernfach gewählt werden muss.",5,unknown,22,,,C2,57.61,C2,B2
"“ Anders sieht das dieser Norddeutsche – nach bayrischer Lesart ein Preuße , also jemand, der von jenseits des Weißwurstäquators kommt und somit kein Ur- Bayer ist: „Ja, weil ich mich einfach dem Land anpassen möchte.",4,320,36,56.0,163.0,C1,63.36,C1,C1
"330. 900 Menschen gehen täglich ins Kino, und in den Bibliotheken werden 995. 000 Bücher ausgeliehen.",1,680,16,,,A2,80.28,A2,B1
„Schreiben Sie uns bitte Ihre Adresse auf.,0,529,7,,,A1,115.13,A1,A1
Das ist das Brandenburger Tor.,0,485,5,8.0,111.0,A1,66.4,A1,A1
"Dessen berühmtes Kinderbuch „Die Konferenz der Tiere“ war von Jella Lepmans Vision inspiriert und erschien ebenfalls 1949. Es handelt davon, wie Kinder gemeinsam mit ihren Freunden, den Tieren, die Welt regieren, weil die Erwachsenen dazu nicht in der Lage sind.",4,296,40,60.0,175.0,C1,68.1,C1,B2
"Sie fragt auch ihre Kollegen, aber niemand hat das Buch gesehen.",2,504,11,,,B1,77.23,B1,A2
Also steigt er in den Zug ein.,0,492,7,,,A1,106.67,A1,A2
Das ist so eine Art Sbrinz .,1,322,7,9.0,112.0,A2,116.15,A2,B1
Es ist 9:30 Uhr und Sofia sitzt in der Küche am Tisch.,0,501,12,,,A1,110.06,A1,A1
die Melitta Unternehmensgruppe Bentz KG.,0,447,5,9.0,115.0,A1,83.32,A1,B1
"Unter den altehrwürdigen Etablissements sticht der „Bümmersteder Krug“ hervor, ein traditionsreiches Gasthaus, das von der Familie Abel in mittlerweile vierter Generation mit beständiger Hingabe geführt wird.",5,unknown,26,,,C2,19.71,C2,C1
Das sind circa zwei kleine Gläser am Tag.,0,705,8,,,A1,88.74,A1,A2
"Und in den Hauptstädten ist der Unterschied noch ein bisschen größer: In Rom fallen pro Jahr 760 mm Niederschlag, in London nur 590 mm.",3,693,24,,,B2,72.5,B2,B1
Fans haben bei mehr als fünfzig Veranstaltungen ihr Idol gefeiert.,2,469,10,13.0,120.0,B1,69.79,B1,B1
Und dann wird es auch ein bisschen teurer.,1,464,8,10.0,115.0,A2,88.74,A2,B1
Das Wattenmeer auf Norderney gehört seit 2009 zum UNESCO-Weltnaturerbe.,3,471,9,22.0,125.0,B2,45.42,B2,B1
"Ich wiederholte all das Gesagte, wunderte mich, dass mein Sohn schon so viele deutsche Wörter gelernt hatte, vergaß keines der Dinge, die sie genannt hatten, denn ich kannte sie alle, und ergänzte: „Und mein Fenster im Arbeitszimmer mit dem Blick auf das Nachbarhaus und die Eukalyptusbäume “.",5,unknown,47,,,C2,41.71,C2,B2
"Unter @TreeWatchNet kann man lesen, wie es den Bäumen geht.",2,684,10,,,B1,86.71,B1,B1
Durch die ungeheure Explosion entstand ein vier Kilometer tiefes Loch.,3,614,10,,,B2,52.87,B2,B1
"Gewiss stieß das Werk auf Widerstand, geprägt von Stimmen, die es als bloße Fotografie oder gar als Plagiat diskreditierten – wie dem auch sei.",5,unknown,24,,,C2,73.51,C2,C1
Sultan schätzt das Leben in ihrem Kiez: „Wir haben Aşure gekocht und mit den Kindern probiert.,2,297,16,25.0,131.0,B1,97.54,B1,B1
"Zum Beispiel: Sie müssen für Ihre Haushaltsliste einkaufen, und dann machen Sie die Augen zu und stellen sich ‚putzen’ vor.",2,316,20,29.0,138.0,B1,93.48,B1,B1
Auf die Verluste der Bauern hat Brandenburg nun reagiert.,3,440,9,12.0,119.0,B2,87.72,B2,B2
"Durch spezielle Kurse versucht man, sie aus ihrer Isolation herauszuholen.",3,444,10,16.0,124.0,B2,69.79,B2,B2
"“

Um 14 Uhr kommen viele Gäste.",0,528,7,,,A1,99.23,A1,A1
"Und wie soll ich prozessual beraten, wenn Teile der Kommunikation in einem nicht zu kontrollierenden Raum stattfinden?",5,unknown,17,,,C2,45.76,C2,C1
Doch noch in den 1980er Jahren gab es dort keine Gebäude: Der Platz war eine riesige grüne Wiese.,3,439,18,26.0,133.0,B2,103.97,B2,B1
"„Ja klar, Mama“, antworten Anna und Jonas.",0,542,7,,,A1,89.75,A1,A1
"Gibt der Arzt sein Okay, dann nimmt man Ihnen einen halben Liter Blut ab.",3,668,14,,,B2,99.57,B2,B1
Lepman wollte dies mit Hilfe internationaler Kinderbücher erreichen.,3,296,8,14.0,119.0,B2,21.06,B2,B1
Aber im Herbst 1989 nach der Öffnung der innerdeutschen Grenze fuhr ein ganzes Volk mit den Plastebombern in die Freiheit.,4,294,20,32.0,141.0,C1,68.1,C1,B2
Die Organisatoren wollen das Projekt auf zusätzliche europäische Verbindungen ausweiten – für mehr gegenseitiges Verständnis und ein offeneres Europa.,3,446,19,29.0,141.0,B2,36.28,B2,B2
Denn für Frauen als Sportlerinnen war im Weltbild Pierre de Coubertins zeitlebens kein Platz.,4,288,14,23.0,127.0,C1,82.65,C1,C1
"So zeigt der Monarch jedem Einzelnen, wem die Straße gehört - die künstliche Helligkeit als Überwachungsmechanismus.",5,unknown,16,,,C2,64.71,C2,C1
"Sie gibt Dina, Edward und ihrem Mann ein Stück.",0,496,9,,,A1,96.18,A1,B1
Eines der großen Trend themen: „Weihnachtsrock“.,1,481,6,14.0,117.0,A2,56.93,A2,B1
"Sozialisten, Kommunisten, Marxisten feiern ihr Idol und drohen: Die Revolution steht unmittelbar bevor – mal wieder.",4,454,16,25.0,133.0,C1,22.41,C1,C1
"Es soll, so deuten es Kirchenhistoriker, den Mensch gewordenen Sohn Gottes charakterisieren – mit all seinem Leid und seinem Schmerz.",4,286,20,29.0,141.0,C1,69.11,C1,C1
Über die Jahrzehnte kamen immer mehr Kinder- und Jugendbücher aus aller Welt zusammen.,3,296,13,18.0,126.0,B2,66.74,B2,B2
"Man verdient halt nicht viel dabei, man wird halt nicht reich dabei.",2,295,12,14.0,119.0,B1,84.68,B1,B1
Sind solche Szenarien pure Fiktion – oder könn- ten sie schon bald Wirklichkeit werden?,5,unknown,14,,,C2,83.66,C2,B2
Passiert so etwas nur in Filmen?,1,590,6,,,A2,90.77,A2,B1
"Merkwürdig, daß das vieltausendjährige Zusammenleben mit Hund, Schaf, Rind, Ziege, Pferd und anderen Gefährten die Menschheit nicht eines Besseren belehrt hat, ganz zu schweigen von unserer näheren Verwandtschaft, den Primaten.",5,unknown,30,,,C2,57.95,C2,C1
"Ziel ist, dass sie sich irgendwann selbst kontrollieren können.",3,285,9,13.0,119.0,B2,53.88,B2,B1
"Viele von ihnen sind Autisten und weisen im Durchschnitt einen Intelligenzquotien- ten (IQ) von unter 70 auf – der statistische Mittel- wert liegt bei rund 100. Ein gängiges neurobio- logisches Erklärungsmodell des Savantsyndroms geht davon aus, dass Betroffene Informationen nicht wie andere Menschen nach deren emoti- onaler Bedeutung sortieren, was normalerweise eine Informationsüberflutung verhindert sowie schnelle und intuitive Reaktionen ermöglicht.",5,unknown,60,,,C2,33.07,C2,C1
"Oft auch Socken, Unterwäsche, Brillen, weiße T-Shirts auf der weißen Bettdecke oder Schuhe unter dem Bett.",1,617,16,,,A2,89.08,A2,B1
Einer von ihnen ist Aedan Gibson.,0,466,6,9.0,113.0,A1,73.85,A1,A1
Er musste damals an jedem Bild sicherlich viele Tage oder Wochen arbeiten.,3,731,12,,,B2,84.68,B2,B1
"Man korrigiere mich, aber ich gehe fest davon aus, dass sich keine Schule mehr in Deutschland finden wird, bei der sich nicht irgendwo im Schulhaus eine Computerecke als Lernort finden lässt – ausgenommen der bewusste Verzicht auf Technologie aufgrund (überholter) pädagogischer Konzepte.",5,unknown,42,,,C2,38.32,C2,C1
Also will sie eine Reise machen.,0,481,6,,,A1,99.23,A1,A2
"1946 kamen die beiden Briten Roland Berrill und Lance Ware auf die Idee, Intelligenz zum Wohl aller Menschen einzusetzen und intelligente Menschen an einen Tisch zu bringen.",3,302,27,36.0,146.0,B2,60.99,B2,B2
Man heiratet nur einmal – das denken sich viele Paare und geben viel Geld für das perfekte Hochzeitsfest aus.,3,483,19,25.0,131.0,B2,87.05,B2,B1
Klettern in der Sächsischen Schweiz Es ist sehr beliebt: das Elbsandsteingebirge in Sachsen.,1,321,13,26.0,133.0,A2,58.28,A2,B1
So haben sie mehr Halt .,1,458,6,6.0,110.0,A2,117.16,A2,B1
Das kann Geld sein – oder aber auch mal das fehlende Mehl zum Backen.,3,323,14,18.0,122.0,B2,100.58,B2,B1
Sollte die Gesellschaft eine solche Praxis dul- den?,5,unknown,8,,,C2,105.66,C2,B2
"Trotz allem, was sie uns angetan haben, haben wir Sehnsucht nach dieser Heimat.",5,unknown,13,,,C2,92.12,C2,B2
Und jede Familie kann das nur einmal machen.,2,593,8,,,B1,80.28,B1,B1
Es kommt von unten aus dem Keller.,0,505,7,,,A1,106.67,A1,A2
Jetzt kann Tim die Stadt sehen.,0,524,6,,,A1,90.77,A1,A1
"Das ist natürlich ganz schön dreist , also, ich meine .",2,449,11,13.0,116.0,B1,96.18,B1,B1
"Doch freiwillig verlässt ohnehin kaum einer das Haus, denn im Dunkel der Nacht lauern Diebe, Räuber, Mörder.",5,unknown,17,,,C2,79.6,C2,B2
Es ist sehr beliebt: das Elbsandsteingebirge in Sachsen.,1,321,8,16.0,122.0,A2,63.36,A2,A2
Heute engagieren sie sich für Umweltschutz und gegen rechte Parteien.,2,460,10,15.0,124.0,B1,103.63,B1,B2
Im Hof der Burg sowie in Räumen eines ehemaligen Wasserschlosses etwas außerhalb des Ortes finden jedes Jahr Aufführungen des Niederrhein-Theaters statt.,4,310,21,33.0,147.0,C1,50.16,C1,B2
„Am Mittwochabend kann ich leider nicht.,0,488,6,,,A1,99.23,A1,A2
Und nach fast 3. 000 Kilometern mündet die Donau in Rumänien ins Schwarze Meer.,3,572,14,,,B2,98.21,B2,B1
"Diesen Eindruck können alle diejenigen gewinnen, die täglich in sozialen Medien unterwegs sind, Nachrichten hören oder sehen, Zeitung lesen.",4,290,19,24.0,141.0,C1,60.65,C1,B2
"Vermutlich auch deshalb, weil dort viele junge Menschen studieren oder eine Ausbildung absolvieren.",3,596,13,,,B2,66.74,B2,B2
"Um das zu erfahren sind die meisten extra angereist: vom Tegernsee, aus Bonn, Hamburg und Berlin.",3,303,16,24.0,129.0,B2,72.16,B2,B2
"Jeder, der einmal im Chor gesungen hat, weiß wieviel Spaß Singen macht.",2,630,12,,,B1,84.68,B1,B1
"Das Schwimmbad ist rechts, neben dem Restaurant Stern.",0,486,8,,,A1,88.74,A1,A1
"Obwohl die Wanderung manchmal anstrengend ist, ist der Weg auch für Kinder und Senioren geeignet.",3,476,15,21.0,131.0,B2,81.63,B2,B1
"Hier gibt es noch Bauten, an deren Fassaden man ganze Epochen ablesen kann.",5,unknown,13,,,C2,83.66,C2,B2
Ist doch ganz nah dran!,1,454,5,6.0,111.0,A2,117.16,A2,B1
“ Hauptbestandteil des Gerichts ist der Kopf eines Kalbs oder Schweins.,3,319,11,17.0,123.0,B2,103.63,B2,B2
"Die Schüler werden in fünf Jahren mit einer technischen Ausstattung an die Schulen kommen, die den heutigen Standard als lächerlich dastehen lassen wird.",5,unknown,23,,,C2,65.05,C2,C1
Und zumal in diesem Bereich konkurrieren sie dann viel mehr auch mit etablierten Marken.,3,291,14,18.0,126.0,B2,82.65,B2,C1
"Stattdessen haben wir manchmal den Eindruck, es ginge mit der Welt bergab .",4,290,13,18.0,125.0,C1,84.68,C1,B2
"“ Die Jünger haben nicht abgehoben gelebt, haben sich nicht von den übrigen Menschen unterscheiden wollen.",4,304,16,24.0,130.0,C1,73.17,C1,B2
"Produkte, die zum Teil wieder auf den europäischen Markt kommen und dort teuer verkauft werden.",3,295,15,18.0,126.0,B2,73.17,B2,B1
"“

„Aber jetzt muss ich etwas trinken.",0,502,7,,,A1,90.77,A1,A1
"Sie lachten über die weisen Lehren, die klugen Verhaltensregeln der Erwachsenen.",4,284,11,20.0,127.0,C1,68.77,C1,B2
„Florian will gern ins Schwimmbad gehen.,0,486,6,,,A1,73.85,A1,A2
"2006 blieben Paare nur 13,7 Jahre zusammen.",1,624,7,,,A2,106.67,A2,B1
"Wie genau diese Kulthandlungen aussahen, weiß man aber nicht genau, sagt Martin Stankowski: „Das ist sehr schwierig, diese vorchristlichen Kulte genau zu beschreiben, weil es da ja keine schriftlichen Quellen gibt.",4,300,31,50.0,159.0,C1,73.85,C1,B2
"“ „Es geht sich aus“ beziehungsweise „Es geht sich nicht aus“ bedeutet also, dass etwas funktioniert, beziehungsweise nicht funktioniert.",3,323,19,26.0,140.0,B2,70.13,B2,B1
Die Teilnehmer sind bunt gemischt und kommen aus aller Welt.,2,306,10,12.0,118.0,B1,86.71,B1,B1
"„Der darf laufen , der muss auch laufen.",1,322,8,10.0,115.0,A2,115.13,A2,B1
"und [ich] arbeite jetzt im Prinzip als Segellehrer und als Skipper, bin viel im Mittelmeer unterwegs.",2,468,16,25.0,134.0,B1,72.16,B1,B2
"Ohne Öl macht der Motor „krack, krack“.",0,468,7,,,A1,106.67,A1,A2
"Über sein Leben und seinen tragischen Tod sind unzählige Bücher geschrieben, zahlreiche Filme gedreht worden.",4,308,15,22.0,131.0,C1,73.17,C1,B2
Dort gibt es schöne Strände und viele Menschen machen dort Urlaub.,1,717,11,,,A2,102.61,A2,A2
"Der renommierte italienische Schriftsteller Umberto Eco hat einmal angedeutet, dass er gerne die Gelegenheit genutzt hätte, mit ihr einen Abend zu verbringen.",5,unknown,22,,,C2,57.61,C2,B2
"Da die Straßen schlecht waren, musste man aufpassen, dass die Gläser dabei nicht kaputtgingen.",4,678,14,,,C1,82.65,C1,B1
Diese Werke sollten als Friedensboten fungieren und eine subtile Botschaft des Verständnisses und der Harmonie verbreiten.,5,unknown,16,,,C2,55.24,C2,C1
"Er ist unterwegs in der ganzen Welt, arbeitet 60 bis 70 Wochenstunden.",2,468,12,17.0,126.0,B1,67.76,B1,B1
Oder sie werden von uns ausgeblendet .,1,290,7,9.0,113.0,A2,73.85,A2,B1
Das ist jedoch keine gute Idee.,1,706,6,,,A2,99.23,A2,B1
Mirko setzt sich auf den Platz und der Zug fährt los.,0,491,11,,,A1,102.61,A1,A2
Es beginnt meist mit einer Diät.,0,285,6,8.0,113.0,A1,73.85,A1,B1
"Durch den getrockneten Zucker letztendlich wird [es] auch so ein bisschen knusprig, schmeckt also auch lecker, weil Zucker ist ein Aromaträger.",3,456,21,36.0,148.0,B2,58.62,B2,B2
Sie möchte die Stadt morgen besuchen.,0,540,6,,,A1,90.77,A1,A2
"Sie öffnet schnell das Geschenk: Oh, ein Buch über Hunde!",0,495,10,,,A1,112.09,A1,A2
"Oft wirkt sich das dann auch auf die geistige und seelische Verfassung aus, wie Jens Kleinert, Professor an der Deutschen Sporthochschule Köln, sagt: „Es ist nicht so selten, dass Stimmungsprobleme, Stimmungsstörungen, gerade nach Verletzungen halt bei Profisportlern auftreten.",4,317,38,67.0,186.0,C1,49.83,C1,C1
"Auch die US- amerikanische Air Force setzt große Hoffnungen in das Präparat und finanzierte deshalb gemein- sam mit Cephalon eine Studie der Harvard Uni- versity, in der 16 gesunde Probanden 28 Stunden ohne Schlaf auskommen mussten.",5,unknown,36,,,C2,51.86,C2,C1
"Fällt ein Zahn aus, dann springt der nächste Zahn in die Lücke.",2,606,12,,,B1,101.6,B1,B1
"Wenn Mirko alt ist, zieht er vielleicht in ein Dorf.",1,533,10,,,A2,103.63,A2,A2
"Man muss nicht denken, dass das Erlebte nur damals Geltung hatte.",4,304,11,17.0,123.0,C1,85.69,C1,B2
Fünf Minuten später sitzt Lukas im Auto und fährt.,0,476,9,,,A1,104.64,A1,A2
Morgen besuche ich als Erstes das Brandenburger Tor.,0,541,8,,,A1,46.44,A1,A2
"Da jedoch der Einsatz durch digitalisierte Lernmaterialien und zunehmende Recherche-Aufträge im Unterricht beständig steigt, steigt auch die Nutzungsmöglichkeit.",5,unknown,18,,,C2,53.21,C2,C1
Am Wochenende spielen wir am liebsten Brettspiele oder gehen tanzen.,1,536,10,,,A2,86.71,A2,A2
"Was glauben Sie, wie viele Menschen kämen von welchem Kontinent?",4,585,10,,,C1,78.25,C1,B2
Auch die Schwalben wurden zu Flüchtlingen in Nestern zwischen den herabgestürzten Mauern und heruntergekommenen Wänden.,5,unknown,15,,,C2,64.71,C2,C1
"Große Städte werden in der öffentlichen Wahrnehmung in zwei Bereiche aufgeteilt: Zum einen gibt es die weitläufigen Vorstadtbezirke, die oft direkt an die historische Bebauung aus den 1920er oder 1930er Jahren anschließen.",5,unknown,32,,,C2,64.38,C2,C1
Einst war jede Stadt ein eigener Kosmos mit einer unverwechselbaren Ordnung.,5,unknown,11,,,C2,51.85,C2,B2
Sie verwenden zum Beispiel Pflanzen oder Abfall.,1,462,7,9.0,115.0,A2,81.29,A2,B1
Zahlreiche Menschen in Deutschland sind Berufspendler.,2,610,6,,,B1,56.93,B1,B2
"Und wenn es aus so ’nem Befund , aus so ’nem Grab, wo Knochen schnitzereien drin waren und ein Totenbett lag, wenn da die ganzen kompletten Gefäße und Münzen weg sind, ja, weil sie jemand vorher geklaut hat … Das ist dann für uns ein Riesen verlust !",4,475,48,68.0,181.0,C1,68.1,C1,B2
Marie erzählt Leonie von dem Problem.,1,534,6,,,A2,99.23,A2,A2
"“ Busch erbaute sich, er erfreute sich, an den Verdrießlichkeiten, den Ärgernissen und unangenehmen Dingen, die andere Leute erlebten.",4,284,19,36.0,147.0,C1,61.67,C1,C1
Insgesamt haben wir heute vier Hausbesuche.,0,484,6,10.0,115.0,A1,31.55,A1,B1
"Sandgruber bemerkt treffend: „Hier zeigt sich einmal mehr die unverkennbare Parallele zwischen Vater und Sohn, beide wirken als zentrale Persönlichkeiten innerhalb ihres Umfelds.“",5,unknown,23,,,C2,22.75,C2,C1
"Außerdem hielt sich lange Zeit die Vorstellung, dass im Wald Geister und Hexen leben.",4,325,14,19.0,124.0,C1,82.65,C1,B2
"Er hat ja fast nichts gesagt“, antwortet Lena.",2,537,8,,,B1,114.12,B1,B1
"Er war auch ein Kind seiner Zeit, er war auch ein französischer Patriot.",3,288,13,16.0,122.0,B2,66.74,B2,B1
Kaiser Karl V. war seit 1516 spanischer König.,1,642,8,,,A2,92.8,A2,B1
"Tierzüchter, die ihre Fische länger transportieren müssen, kennen dieses Problem.",3,666,10,,,B2,78.25,B2,B2
"Schauen wir mal, ob wir ein paar Freunde haben, und so hat das angefangen mit neun Stück.",2,484,17,21.0,129.0,B1,88.06,B1,B1
Auf rund 120 Quadratmetern baut sie in ihrem Schaugarten alle Arten von Blüten an.,2,456,14,21.0,128.0,B1,99.57,B1,B2
Der älteste Teil ist die Pfalzkapelle aus dem achten Jahrhundert.,2,474,10,15.0,123.0,B1,86.71,B1,B1
Mancher hängt den Sport dann an den Nagel.,3,317,8,11.0,116.0,B2,105.66,B2,C1
"Aber wie jedes Medium, das auf ein neues zu reagieren hat, wird es sich verändern, andere Funktionen entdecken und ausbilden, während konkurrierende Medien einen Teil seiner Zuständigkeiten und
Möglichkeiten übernehmen.",5,unknown,30,,,C2,49.49,C2,C1
"Wie die Schwalben jedes Jahr wieder den Flug in den Süden antreten, den ihre Familienangehörigen und Vorfahren schon seit Generationen auf sich nehmen, so gehen meine Gedanken und meine Sehnsüchte immer wieder dorthin zurück, nach Syrien, genau dahin, wo unser Haus gestanden hat.",5,unknown,43,,,C2,44.75,C2,C1
"Wenn sie verletzungsbedingt nicht mehr an Wettkämpfen teilnehmen können, kommt es zu depressiven Verstimmungen, einem Gefühl von Traurigkeit und Niedergeschlagenheit.",4,317,20,37.0,148.0,C1,34.26,C1,B2
Sie beginnt sich mit ihren dreidimensionalen Grafiken bei Magazinen zu bewerben.,3,442,11,19.0,124.0,B2,26.47,B2,B2
/ Ein Trainer ist ein Idiot!,0,314,6,8.0,111.0,A1,83.32,A1,A1
Martina Göldner-Kabitzsch hat die Manufaktur vor über 20 Jahren gegründet.,2,456,10,21.0,128.0,B1,35.95,B1,B1
Immer wieder kommt es zu tödlichen Unfällen.,3,480,7,11.0,117.0,B2,89.75,B2,B2
"“
Obwohl wir mit jagendem Atem im Laufschritt zum Parkplatz geeilt waren, hatten wir 25 Minuten Verspätung.",5,unknown,17,,,C2,63.7,C2,B2
"Mirko ist glücklich, denn er muss nicht mehr warten und die Reise geht weiter.",1,492,14,,,A2,99.57,A2,B1
Deutschland ist also ein waldreiches Land.,1,669,6,,,A2,48.47,A2,B1
"Professor Lehmann: „Diese romantische Bilderwelt der Schönheit, der Waldeinsamkeit, der Stille und vor allen Dingen der Natur – alles das floss zusammen in der Vorstellung der Angst davor, dass uns etwas verloren geht.",4,325,33,46.0,160.0,C1,55.92,C1,C1
Deshalb geben sie die meisten Kastanien an Tierparks in Deutschland und Österreich weiter.,3,733,13,,,B2,58.28,B2,B1
"Wer so etwas isst, tut seinem Körper etwas Gutes.",2,319,9,13.0,117.0,B1,79.26,B1,B1
Aber diese hier ist nicht gefährlich.,1,480,6,8.0,113.0,A2,99.23,A2,A2
"Wenn man in Düsseldorf ein öffentliches Verkehrsmittel benutzen möchte, hat man zurzeit zwei Möglichkeiten.",2,702,14,,,B1,65.73,B1,B1
"Die Kohltour gehört, so das Tourismusamt, zu Oldenburg wie der Karneval zu Köln.",4,289,13,23.0,127.0,C1,83.66,C1,B2
"Das heißt, dass wir auch dort gute Bedingungen schaffen können für gute Arbeit.",2,318,13,15.0,122.0,B1,66.74,B1,B1
Laura sieht auch ein Foto von der Nordsee.,0,481,8,,,A1,80.28,A1,A1
Doch bei manchen Arbeitgebern wird die Elternzeit bei Vätern nicht gern gesehen.,3,445,12,16.0,126.0,B2,76.22,B2,B2
"Vor allem mussten wir aber lernen, den Geschossen der Scharfschützen zu entkommen, um sicher von einem Tagesausflug nach Hause zurückzukehren.",5,unknown,20,,,C2,68.1,C2,B2
Meine Großmutter ist in Schlesien geboren an der polnisch-tschechischen Grenze und hat dort die ersten zehn Jahre gelebt und ist dann eben nach Deutschland gekommen.,2,446,25,37.0,147.0,B1,63.02,B1,B1
_____________________________________________________ * Mit Beiträgen von Vanja Budde und Tim Schauenberg zum Thema,0,295,12,18.0,124.0,A1,68.77,A1,B1
"Die Landschaft, die Straßen und all die Häuser.",0,453,8,10.0,116.0,A1,88.74,A1,A2
"Andererseits [übt er] auch sehr viel Kritik an den Obrigkeiten , am Richter, am Notar , am Geometer .",4,292,19,28.0,137.0,C1,63.7,C1,B2
"Die Schwalben müssen neue Wohnorte und Nester suchen, was die Schwalben jedoch traurig macht, da sie eine gute Beziehung zu den hier lebenden Menschen aufgebaut hatten.",5,unknown,26,,,C2,70.47,C2,B2
Das Verkehrszeichen ist dabei 47 Meter weit durch die Luft geflogen und ist im Badezimmer der Frau gelandet.,3,616,18,,,B2,78.59,B2,B1
In der heutigen eher von Mangel geprägten Situation der technischen Ausstattung der Schulen ist der Einsatz von mobilen Geräten eine Antwort auf diese Situation.,5,unknown,24,,,C2,55.58,C2,C1
"Nach seiner Meinung sind die Bedingungen besser als irgendwo sonst, obwohl der Wind heute mal nicht ganz so stark bläst .",3,461,21,23.0,133.0,B2,51.18,B2,B2
"Kundendienst wird beim TÜV großgeschrieben, er ist sehr wichtig.",2,299,9,16.0,122.0,B1,87.72,B1,B1
Vielleicht aus Spaß ein Gesicht mit Brille und Schnurrbart verschönert?,2,608,10,,,B1,78.25,B1,B1
Die neue Halle bietet so genügend Platz auch für größere Aufträge: „Das sind so Teakholz-Rahmen für ein Kreuzfahrtschiff.,3,309,18,30.0,142.0,B2,87.05,B2,B2
"Im Restaurant kann man etwas essen: Pizza, Pasta, Burger und Pommes.",0,485,11,,,A1,68.77,A1,A1
"Sie sind neu, sie sind knallig , sie sind nachhaltig – und damit absolut instagrammable , wie man schon wenige Stunden nach Verkaufsstart sieht.",4,462,24,30.0,139.0,C1,67.08,C1,B2
"Eine Person, die immer ihren Senf dazugibt, mischt sich ständig in Gespräche ein und kommentiert alles.",4,672,16,,,C1,80.62,C1,B2
"In ihnen verbergen sich die ursprünglichen Datenträger: Keramikfliesen aus dem Baumarkt, in die Kunze kunstvoll Texte und Bilder einbrennt.",5,unknown,19,,,C2,52.19,C2,C1
Mona muss heute zu Fuß nach Hause gehen.,0,518,8,,,A1,114.12,A1,A2
"„Oh je, das Hotel ist nicht schön.",0,521,7,,,A1,106.67,A1,A1
Die Kunden kommen sowohl aus ganz Deutschland als auch aus Günzburg.,2,449,11,13.0,118.0,B1,85.69,B1,B1
Zu diesem Jubiläum bekam die Stadt eine Geschenk aus China: eine große Marx-Statue.,2,454,13,19.0,128.0,B1,83.66,B1,B1
Und das liegt noch unter dem europäischen Durchschnitt.,2,478,8,9.0,116.0,B1,80.28,B1,B1
"Aber ich bestand darauf, genau das Spiel zu erwerben, welches meine Tochter sich gewünscht hatte.",5,unknown,15,,,C2,64.71,C2,B2
"Jene, die diesen Vorschriften zuwiderhandeln, sehen sich einer scharfen Verurteilung seitens der Gemeinschaft ausgesetzt.",5,unknown,14,,,C2,48.81,C2,C1
"Der Stadtplan ist in die Sohle eingraviert , schließlich stammt der Rohstoff von ebendiesen Straßen.",4,462,15,23.0,132.0,C1,99.57,C1,B2
Problematisch wird bei den 1:1-Projekten jedoch immer die Finanzierung.,5,unknown,9,,,C2,45.42,C2,B2
"Was aber damals das Fass zum Überlaufen brachte, war das, was auf dem Knöllchen stand: „Tatort, Zeit, Tat-Vorwurf“.",5,unknown,18,,,C2,95.51,C2,B2
"Nur, wie kann man sich so ein Ereignis erklären?",2,304,9,12.0,118.0,B1,96.18,B1,B1
Die wird gerne für Werkzeuggriffe genommen.,2,309,6,9.0,114.0,B1,90.77,B1,B1
"Also, man liest Bücher, man denkt nach, man pflegt seinen Garten oder spielt Klavier, oder was man sonst so an schönen Dingen tun und treiben kann, und das ist ja eigentlich was Empfehlenswertes.",4,287,33,43.0,156.0,C1,71.82,C1,B1
Im Vergleich zu seinen vielen Namen hat dieses Wurzelgemüse nur sehr wenige Kalorien.,3,685,13,,,B2,66.74,B2,B2
"Es dominieren nicht nur neuere Medien wie Internet und Smartphone, sondern auch klassische Medien wie Radio, Telefon oder Zeitungen.",4,698,19,,,C1,43.73,C1,B2
"Mir will es dringend nötig erscheinen, eine ganze Reihe einflussreicher Regierungschefs, ihre Außenminister und deren Vertreter im Sicherheitsrat an diese Grundregel zu erinnern.",5,unknown,23,,,C2,48.13,C2,C1
"Wir haben in den vergangenen Jahren einen enormen Verfall der Preise von elektronischen Geräten erfahren, kombiniert mit einer ebenso enormen Leistungssteigerung.",5,unknown,21,,,C2,41.7,C2,B2
"Vormittags hat Herr Fink oft viel Arbeit, aber jetzt ist es schon zwanzig Uhr und abends hat er oft wenig zu tun.",2,485,22,,,B1,82.99,B1,A2
"In den vergangenen Jahren ist in Deutschland die Zahl derjenigen gewachsen, die redensartlich „auf Bio setzen“, auf nachhaltige Produkte.",4,315,19,29.0,136.0,C1,52.19,C1,B2
"Den Durst löscht man am besten mit Wasser, Tee oder Saftschorle.",2,665,11,,,B1,94.15,B1,B1
„Wir möchten mit dem Boot fahren.,0,501,6,,,A1,99.23,A1,A1
"Andere wiederum haben manchmal, streckenweise, Schwierigkeiten, sich auf andere Menschen einzustellen.",4,302,11,19.0,129.0,C1,60.31,C1,B2
"Sie ist glücklich, denn ihr Geburtstag ist sehr schön.",0,496,9,,,A1,96.18,A1,A2
"Mehr als 20 Miet interessenten sind gekommen, um eine kleine Hinterhofwohnung zu besichtigen.",2,479,13,20.0,131.0,B1,41.36,B1,B1
"“ Die Trainerin schlägt vor, dass sich jeder eine Vorliebe heraussucht, etwas was er oder sie besonders gerne mag, beziehungsweise eine Macke, eine Eigenart, die anderen etwas seltsam vorkommt.",4,303,29,47.0,156.0,C1,59.98,C1,B2
Die Historikerin Zitha Pöthe-Elevi hat die Botschaft des Bauwerks entschlüsselt .,4,452,11,23.0,130.0,C1,69.79,C1,B2
Wir sind nicht so weit vom Strand.,0,461,7,8.0,111.0,A1,115.13,A1,A2
"Der Geruch entfaltete sich in der Wohnung und wir horchten auf die Einfahrt, um Renate an der Haustür zu empfangen.",5,unknown,20,,,C2,68.1,C2,B2
Dann legt er alles auf den Boden.,0,490,7,,,A1,106.67,A1,A2
Also fährt er heute an die Nordsee.,0,489,7,,,A1,89.75,A1,A2
"Erst am Nachmittag vor dem großen Blumen korso beginnen die Teilnehmer damit, die Blüten zu stecken .",3,458,17,22.0,131.0,B2,55.24,B2,B1
Im Wald wollte niemand eigentlich im 18. Jahrhundert sein.,2,325,9,12.0,119.0,B1,96.18,B1,B1
"Die „Alpenjuwelen“ sind eine gute Möglichkeit für alle, die das Wandern für sich entdecken wollen.",2,476,15,24.0,129.0,B1,81.63,B1,B1
"Wer sich bei Partnerbörsen oder Online- Foren anmeldet, gibt seine Einstellungen preis.",3,470,12,19.0,127.0,B2,59.3,B2,B2
"Wer Rabattkarten nutzt, teilt mit, wie viel Geld er ausgibt.",3,470,10,17.0,123.0,B2,86.71,B2,B1
"Ihr gefallen alle Fotos, aber zwei sehen besonders interessant aus.",2,544,10,,,B1,52.87,B1,B1
Paiman ist 23 Jahre und Kurdin aus dem Irak.,0,444,9,13.0,118.0,A1,104.64,A1,A1
Verbesserungen an der menschlichen »Hard- ware« sind an sich nichts Neues.,5,unknown,11,,,C2,94.15,C2,C1
Denn in den warmen Monaten werden sonst schneebedeckte Pisten zu Wanderwegen und Mountainbike - Trails .,3,461,16,24.0,131.0,B2,31.89,B2,B1
"Im Alltag scheint er ein lustiger Typ zu sein, dieser Ralf – denn er arbeitet bei der Deutschen Post, die unter anderem Briefmarken verkauft.",3,303,24,31.0,142.0,B2,73.51,B2,B1
Sie schneidet die Zwiebeln und die Tomaten in kleine Stücke.,0,535,10,,,A1,86.71,A1,A2
Man startet zum Beispiel morgens um zehn Uhr und fliegt neun Stunden.,1,709,12,,,A2,84.68,A2,A2
"Bis 2005 gab es nämlich die sogenannte Weidetierprämie, die Schäferinnen und Schäfern einen festen Betrag von fast 40 Euro pro Mutterschaf und Jahr garantierte.",4,295,24,40.0,156.0,C1,55.58,C1,B2
Ins Leben gerufen wurde der Muttertag von der Amerikanerin Anne Maria Jarvis.,3,300,12,17.0,121.0,B2,93.14,B2,B2
Die Steinstatue der Markgräfin steht im Naumburger Dom in Sachsen-Anhalt.,3,286,10,21.0,125.0,B2,27.49,B2,B2
Und abends aß man meistens kalt.,1,708,6,,,A2,99.23,A2,B1
"Katrin Imbierowicz erläutert, dass insbesondere Mädchen bestimmter Gesellschaftsschichten gefährdet sind: 'Betrachtet man das Thema Magersucht vor dem Hintergrund gängiger Stereotype, so lässt sich feststellen, dass vor allem junge Mädchen aus akademisch geprägten Familien betroffen sind, in denen Leistungsorientierung einen hohen Stellenwert genießt.'",5,unknown,42,,,C2,11.93,C2,C1
Hannah hat lange eine Arbeit gesucht.,1,503,6,,,A2,90.77,A2,A2
"Doch hier gibt es ein grundlegendes Problem, sagt die Ökonomin und Co-Autorin der Studie, Wan-Hsin Liu: „Wenn die Länder, die Kaffeefarmer, wirklich solche Verarbeitungsprozesse übernehmen möchten, müssen sie natürlich zuerst mal investieren.",4,291,32,56.0,169.0,C1,47.46,C1,B2
Kaffeesorten mit besonders feinen Aromen lassen sich besser als Filterkaffee genießen.,4,447,11,19.0,126.0,C1,68.77,C1,B2
Die Gruppe kommt aus der evangelischen Kindertagesstätte Osterkita direkt nebenan.,2,297,10,18.0,125.0,B1,52.87,B1,B1
Und sie ist seine letzte Ruhestätte .,1,474,7,9.0,114.0,A2,90.77,A2,B1
"Als es klingelte, öffnete die 103-jährige Berlinerin ihre Tür.",4,661,9,,,C1,96.18,C1,B1
Dann trifft der Ball den Vogel.,0,493,6,,,A1,99.23,A1,A2
Über welches Bild willst du etwas wissen?,1,544,7,,,A2,81.29,A2,A2
"Wir müssen ihn suchen“, antwortet Anna.",1,542,6,,,A2,99.23,A2,A2
"Der geheimnisvolle König fasziniert bis heute nicht nur die Deutschen, sondern auch viele Touristen.",3,308,14,21.0,130.0,B2,99.57,B2,B1
"„Das sieht sehr schwer aus“, sagt Emil.",0,467,7,,,A1,106.67,A1,A2
In fast jedem zweiten Haushalt in Deutschland lebt mindestens ein Haustier.,2,587,11,,,B1,68.77,B1,B1
"Keine Wandtapete , sondern die grandiose Kulisse rund ums Bett zieht Menschen aus der ganzen Welt an.",4,450,17,22.0,130.0,C1,89.08,C1,B2
"Bisher richteten sich die Arbeitszeiten nach Sonnenauf- und -untergang, dazwischen lag eine Zwangspause: kein Licht, keine Produktion.",5,unknown,17,,,C2,54.22,C2,B2
"de“, und dann kriegen Sie den Helm, wenn Sie ihn heute bis 16 Uhr 30 bestellen, sogar noch heute geliefert .",2,449,21,27.0,133.0,B1,93.48,B1,B1
"“ Weil er seinen Oldtimer selten fährt und ihn pflegt, ist der Wagen des Mercedesfahrers in einem guten Zustand.",3,299,19,25.0,135.0,B2,70.13,B2,B1
"Und wenn man ein Bambus-Gerüst nicht mehr braucht, dann nimmt man die einzelnen Teile und transportiert sie einfach zur nächsten Baustelle.",3,712,21,,,B2,75.54,B2,B1
Sie sucht ein Geschenk für ihre Mutter.,0,538,7,,,A1,106.67,A1,A2
"Pi, ein Buchstabe im griechischen Alphabet, ist auch die sogenannte Kreiszahl.",2,629,11,,,B1,60.31,B1,B1
Das Leben in der Stadt ist einfacher.,1,533,7,,,A2,89.75,A2,A2
"Unser bester Deutschland-Krampus, was [den] wir je gehabt haben.",1,484,9,16.0,123.0,A2,87.72,A2,B1
"Wie eingangs bereits erwähnt, ist auch in amerikanischen Highschools und Univer- sitäten die Einnahme von Methylphenidat (Rita- lin) zur Leistungssteigerung weit verbreitet.",5,unknown,22,,,C2,49.15,C2,C1
"In den Altstädten droht mit jedem Neubau eine Gefahr für die Substanz, die Identität und die Funktion der alten Stadt.",5,unknown,20,,,C2,68.1,C2,C1
"Aber wir wollten eine Pizza ohne Tomaten für meine Tochter, also nur mit Schinken“, sagt Tarik zum Kellner.",2,484,18,,,B1,78.59,B1,B1
Fast 40. 000 Pädagogen fehlen in Deutschland.,0,478,7,13.0,118.0,A1,81.29,A1,B1
Das Seminar beginnt in zwei Minuten.,0,469,6,,,A1,56.93,A1,A2
"Dort gibt es Konzerte und Lesungen, eine Bibliothek und sogar eine Disko.",1,446,12,20.0,124.0,A2,76.22,A2,A2
Fast jeder ist Stammgast in der Börse.,2,465,7,10.0,116.0,B1,81.29,B1,B1
Streetfishing – Neuer Trend in Berlin Angeln ist wieder modern.,1,467,10,14.0,118.0,A2,79.26,A2,B1
Die Musik ist super und die Menschen sind sehr nett.,1,465,10,,,A2,95.17,A2,A1
"Erst mit der Landschaftsmalerei des 19. Jahrhunderts werden Wald, Seen und Gebirge zu einem Sehnsucht sort.",4,453,16,27.0,137.0,C1,88.74,C1,B2
Die Stühle im Restaurant sind blau und die Tische sind gelb.,0,483,11,,,A1,85.69,A1,A1
"Jede Glasfassade, die neben die historischen Bauten gestellt wird, bringt die alte Stadt mehr und mehr zum Verstummen.",5,unknown,18,,,C2,70.13,C2,C1
"Im Mittelpunkt der Untersuchung steht die Vegetation in Gebieten, die Stille erfahren, nachdem Lärmquellen entfernt wurden, sowie in solchen, die bereits vor Beginn der Studie permanentem Lärm durch Erdgasbohrungen ausgesetzt waren.",5,unknown,31,,,C2,23.09,C2,C1
Sie feiern heute alle zusammen Annas Geburtstag.,0,525,7,,,A1,81.29,A1,A2
Simon will gern zum Deutsch-Stammtisch kommen.,1,487,6,,,A2,90.77,A2,A2
Das Elvis-Festival nähert sich dem Ende.,1,469,6,10.0,114.0,A2,56.93,A2,B1
"Dann eine leichte Wanderhose, die ebenfalls bei .",0,476,8,10.0,116.0,A1,64.37,A1,A2
"Sie glauben nicht, dass die Wölfe eine Gefahr sind.",2,440,9,13.0,119.0,B1,113.1,B1,B1
"Das Gebiet im Osten Deutschlands, die sogenannte Sächsische Schweiz, gilt als eines der ältesten Klettergebiete der Erde.",4,321,17,27.0,139.0,C1,37.3,C1,B2
Gibt es die auch noch mal?,0,301,6,8.0,111.0,A1,116.15,A1,A2
"Es gibt auch Begriffe aus der gesprochenen Sprache, die jetzt im Duden stehen.",3,690,13,,,B2,75.2,B2,B1
"Inzwischen sind die Menschen aber bestens informiert vor allem durch die zahlreichen Kochshows, die im deutschen Fernsehen omnipräsent, allgegenwärtig, sind.",4,315,20,31.0,143.0,C1,51.18,C1,B2
Nur rund 14 Prozent ihres Einkommens gaben sie im Jahr 2010 für Lebensmittel aus.,2,315,14,21.0,128.0,B1,91.11,B1,B2
In meiner ersten Woche habe ich drei Teller fallen lassen!,1,529,10,,,A2,78.25,A2,B1
"Die Vögel singen, als wollten sie die Opfer trösten, die unter den Trümmern gestorben sind, aber sie sind auch mit dem Bau neuer Nester beschäftigt, die sie an Haus- und Stallwände kleben.",5,unknown,32,,,C2,72.84,C2,B2
